<?xml version="1.0" encoding="UTF-8"?>

<mule xmlns:ee="http://www.mulesoft.org/schema/mule/ee/core" xmlns="http://www.mulesoft.org/schema/mule/core"
	xmlns:doc="http://www.mulesoft.org/schema/mule/documentation"
	xmlns:xsi="http://www.w3.org/2001/XMLSchema-instance" xsi:schemaLocation="http://www.mulesoft.org/schema/mule/core http://www.mulesoft.org/schema/mule/core/current/mule.xsd
http://www.mulesoft.org/schema/mule/ee/core http://www.mulesoft.org/schema/mule/ee/core/current/mule-ee.xsd">
	<flow name="usingselectorsFlow" doc:id="8f592ead-4b6b-4d6e-ae17-edc579803b01" >
		<ee:transform doc:name="Transform Message" doc:id="7e3ee8ea-53a5-44f5-9c41-128eefc4d0fb" >
			<ee:message >
				<ee:set-payload ><![CDATA[%dw 2.0
output application/xml

var obj={firstName:"Siva",lastName:"Prasad"}
---
user: obj.&firstName]]></ee:set-payload>
			</ee:message>
		</ee:transform>
	</flow>
	<flow name="02-using-selectors-solutionFlow" doc:id="e34f401b-f371-4425-ad3c-e860c6a6e1cd" >
		<ee:transform doc:name="Transform Message" doc:id="d7b8430d-99be-46c9-8c9a-68f14b85ff81" >
			<ee:message >
				<ee:set-payload ><![CDATA[%dw 2.0
output application/dw

var productsXml=readUrl("classpath://examples/products.xml","application/xml")

var products= productsXml.products.*product

var myns= productsXml.products.#

var obj={firstName:"Siva",lastName:"Prasad"}

---
obj.firstName? 
]]></ee:set-payload>
			</ee:message>
		</ee:transform>
	</flow>
</mule>
