<?xml version="1.0" encoding="UTF-8"?>

<mule xmlns:http="http://www.mulesoft.org/schema/mule/http" xmlns:ee="http://www.mulesoft.org/schema/mule/ee/core"
	xmlns="http://www.mulesoft.org/schema/mule/core"
	xmlns:doc="http://www.mulesoft.org/schema/mule/documentation" xmlns:xsi="http://www.w3.org/2001/XMLSchema-instance" xsi:schemaLocation="http://www.mulesoft.org/schema/mule/core http://www.mulesoft.org/schema/mule/core/current/mule.xsd
http://www.mulesoft.org/schema/mule/ee/core http://www.mulesoft.org/schema/mule/ee/core/current/mule-ee.xsd
http://www.mulesoft.org/schema/mule/http http://www.mulesoft.org/schema/mule/http/current/mule-http.xsd">
	<http:listener-config name="HTTP_Listener_config" doc:name="HTTP Listener config" doc:id="ba5e0ebf-a65b-4c7a-b1ad-a4948379fcae" >
		<http:listener-connection host="0.0.0.0" port="8081" />
	</http:listener-config>
	<flow name="trydemo" doc:id="edf0648e-c532-47ae-836d-8dea4f1c981b" >
		<http:listener doc:name="Listener" doc:id="ff41df29-0f29-43ad-afd3-5d9695ccbf7b" config-ref="HTTP_Listener_config" path="/try"/>
		<ee:transform doc:name="Transform Message" doc:id="8a2fa8d2-c36b-41b4-a6ef-0b97069a844a" >
			<ee:message >
				<ee:set-payload ><![CDATA[%dw 2.0
output application/dw

import * from dw::Runtime


fun getAllstatesFromFile(inputFileName:String)=
	try(
	 ()-> readUrl("classpath://"++ inputFileName,"application/xml")	
	)
	match {
		case theOutput if(theOutput.success ~= false) -> 
			try(
				 log( "Could not find classpath:// "
				 	++ inputFileName ++"trying in examples folder",
				 ()->readUrl("classpath://examples/" ++ inputFileName,"application/xml")
				 )
			//  ()->readUrl("classpath://examples/"++ inputFileName,"application/xml")		
			)	match {
					case secondTryResult 
					if(secondTryResult.success ~=false) -> 
					   fail("First Error: " ++ write(theOutput.error)
							++ "\n\nSecond Error: " ++ write(secondTryResult.error))
			
					else -> $.result
			}
		else -> $.result
	}




---

log("Houston, we have a problem.",getAllstatesFromFile("states.xml"))

//getAllstatesFromFile("Nostates.xml")]]></ee:set-payload>
			</ee:message>
		</ee:transform>
		<error-handler >
			<on-error-continue enableNotifications="true" logException="true" doc:name="On Error Continue" doc:id="0f420d27-e84d-4f29-9791-1f1956886b6a" >
				<set-payload value="#[output application/json --- error]" doc:name="Set Payload" doc:id="457b8eb0-35d6-4f4a-bfa5-51add568b6c9" />
			</on-error-continue>
		</error-handler>
	</flow>
</mule>
