{"version":"1.2.0","artifactCoordinates":{"groupId":"org.mule.connectors","artifactId":"mule-http-connector","version":"1.5.11","type":"jar","classifier":"mule-plugin"},"dependencies":[{"artifactCoordinates":{"groupId":"org.mule.connectors","artifactId":"mule-sockets-connector","version":"1.1.5","type":"jar","classifier":"mule-plugin"},"uri":"file:/C:/Users/Sivaprasad/.m2/repository/org/mule/connectors/mule-sockets-connector/1.1.5/mule-sockets-connector-1.1.5-mule-plugin.jar"},{"artifactCoordinates":{"groupId":"org.mule.modules","artifactId":"mule-module-cors-kernel","version":"1.1.2","type":"jar"},"uri":"file:/C:/Users/Sivaprasad/.m2/repository/org/mule/modules/mule-module-cors-kernel/1.1.2/mule-module-cors-kernel-1.1.2.jar","packages":["org.mule.modules.cors","org.mule.modules.cors.api.configuration.origin","org.mule.modules.cors.configuration","org.mule.modules.cors.configuration.exception","org.mule.modules.cors.configuration.parser","org.mule.modules.cors.request","org.mule.modules.cors.request.attributes","org.mule.modules.cors.request.builder","org.mule.modules.cors.request.checker","org.mule.modules.cors.request.visitor","org.mule.modules.cors.response","org.mule.modules.cors.response.visitor","org.mule.modules.parser"],"resources":["META-INF/MANIFEST.MF","META-INF/maven/org.mule.modules/mule-module-cors-kernel/pom.properties","META-INF/maven/org.mule.modules/mule-module-cors-kernel/pom.xml"]},{"artifactCoordinates":{"groupId":"org.apache.commons","artifactId":"commons-lang3","version":"3.7","type":"jar"},"uri":"file:/C:/Users/Sivaprasad/.m2/repository/org/apache/commons/commons-lang3/3.7/commons-lang3-3.7.jar","packages":["org.apache.commons.lang3","org.apache.commons.lang3.arch","org.apache.commons.lang3.builder","org.apache.commons.lang3.concurrent","org.apache.commons.lang3.event","org.apache.commons.lang3.exception","org.apache.commons.lang3.math","org.apache.commons.lang3.mutable","org.apache.commons.lang3.reflect","org.apache.commons.lang3.text","org.apache.commons.lang3.text.translate","org.apache.commons.lang3.time","org.apache.commons.lang3.tuple"],"resources":["META-INF/LICENSE.txt","META-INF/MANIFEST.MF","META-INF/NOTICE.txt","META-INF/maven/org.apache.commons/commons-lang3/pom.properties","META-INF/maven/org.apache.commons/commons-lang3/pom.xml"]},{"artifactCoordinates":{"groupId":"com.google.guava","artifactId":"guava","version":"25.1-jre","type":"jar"},"uri":"file:/C:/Users/Sivaprasad/.m2/repository/com/google/guava/guava/25.1-jre/guava-25.1-jre.jar","packages":["com.google.common.annotations","com.google.common.base","com.google.common.base.internal","com.google.common.cache","com.google.common.collect","com.google.common.escape","com.google.common.eventbus","com.google.common.graph","com.google.common.hash","com.google.common.html","com.google.common.io","com.google.common.math","com.google.common.net","com.google.common.primitives","com.google.common.reflect","com.google.common.util.concurrent","com.google.common.xml","com.google.thirdparty.publicsuffix"],"resources":["META-INF/MANIFEST.MF","META-INF/maven/com.google.guava/guava/pom.properties","META-INF/maven/com.google.guava/guava/pom.xml"]},{"artifactCoordinates":{"groupId":"com.google.code.findbugs","artifactId":"jsr305","version":"3.0.2","type":"jar"},"uri":"file:/C:/Users/Sivaprasad/.m2/repository/com/google/code/findbugs/jsr305/3.0.2/jsr305-3.0.2.jar","packages":["javax.annotation","javax.annotation.concurrent","javax.annotation.meta"],"resources":["META-INF/MANIFEST.MF","META-INF/maven/com.google.code.findbugs/jsr305/pom.properties","META-INF/maven/com.google.code.findbugs/jsr305/pom.xml"]},{"artifactCoordinates":{"groupId":"org.checkerframework","artifactId":"checker-qual","version":"2.0.0","type":"jar"},"uri":"file:/C:/Users/Sivaprasad/.m2/repository/org/checkerframework/checker-qual/2.0.0/checker-qual-2.0.0.jar","packages":["afu.org.checkerframework.checker.compilermsgs.qual","afu.org.checkerframework.checker.experimental.tainting_qual.qual","afu.org.checkerframework.checker.fenum.qual","afu.org.checkerframework.checker.formatter","afu.org.checkerframework.checker.formatter.qual","afu.org.checkerframework.checker.guieffect.qual","afu.org.checkerframework.checker.i18n.qual","afu.org.checkerframework.checker.i18nformatter.qual","afu.org.checkerframework.checker.igj.qual","afu.org.checkerframework.checker.initialization.qual","afu.org.checkerframework.checker.interning.qual","afu.org.checkerframework.checker.javari.qual","afu.org.checkerframework.checker.linear.qual","afu.org.checkerframework.checker.lock.qual","afu.org.checkerframework.checker.nullness","afu.org.checkerframework.checker.nullness.qual","afu.org.checkerframework.checker.oigj.qual","afu.org.checkerframework.checker.propkey.qual","afu.org.checkerframework.checker.regex","afu.org.checkerframework.checker.regex.classic.qual","afu.org.checkerframework.checker.regex.qual","afu.org.checkerframework.checker.signature.qual","afu.org.checkerframework.checker.tainting.classic.qual","afu.org.checkerframework.checker.tainting.qual","afu.org.checkerframework.checker.units","afu.org.checkerframework.checker.units.qual","afu.org.checkerframework.common.aliasing.qual","afu.org.checkerframework.common.reflection.qual","afu.org.checkerframework.common.util.report.qual","afu.org.checkerframework.common.value.qual","afu.org.checkerframework.dataflow.qual","afu.org.checkerframework.framework.qual","afu.org.checkerframework.qualframework.poly.qual","afu.plume","org.checkerframework.checker.compilermsgs.qual","org.checkerframework.checker.experimental.tainting_qual.qual","org.checkerframework.checker.fenum.qual","org.checkerframework.checker.formatter","org.checkerframework.checker.formatter.qual","org.checkerframework.checker.guieffect.qual","org.checkerframework.checker.i18n.qual","org.checkerframework.checker.i18nformatter.qual","org.checkerframework.checker.initialization.qual","org.checkerframework.checker.interning.qual","org.checkerframework.checker.linear.qual","org.checkerframework.checker.lock.qual","org.checkerframework.checker.nullness","org.checkerframework.checker.nullness.qual","org.checkerframework.checker.propkey.qual","org.checkerframework.checker.regex","org.checkerframework.checker.regex.classic.qual","org.checkerframework.checker.regex.qual","org.checkerframework.checker.signature.qual","org.checkerframework.checker.tainting.classic.qual","org.checkerframework.checker.tainting.qual","org.checkerframework.checker.units","org.checkerframework.checker.units.qual","org.checkerframework.common.aliasing.qual","org.checkerframework.common.reflection.qual","org.checkerframework.common.util.report.qual","org.checkerframework.common.value.qual","org.checkerframework.dataflow.qual","org.checkerframework.framework.qual","org.checkerframework.qualframework.poly.qual"],"resources":["META-INF/MANIFEST.MF"]},{"artifactCoordinates":{"groupId":"com.google.errorprone","artifactId":"error_prone_annotations","version":"2.1.3","type":"jar"},"uri":"file:/C:/Users/Sivaprasad/.m2/repository/com/google/errorprone/error_prone_annotations/2.1.3/error_prone_annotations-2.1.3.jar","packages":["com.google.errorprone.annotations","com.google.errorprone.annotations.concurrent"],"resources":["META-INF/MANIFEST.MF","META-INF/maven/com.google.errorprone/error_prone_annotations/pom.properties","META-INF/maven/com.google.errorprone/error_prone_annotations/pom.xml"]},{"artifactCoordinates":{"groupId":"com.google.j2objc","artifactId":"j2objc-annotations","version":"1.1","type":"jar"},"uri":"file:/C:/Users/Sivaprasad/.m2/repository/com/google/j2objc/j2objc-annotations/1.1/j2objc-annotations-1.1.jar","packages":["com.google.j2objc.annotations"],"resources":["META-INF/MANIFEST.MF","META-INF/maven/com.google.j2objc/j2objc-annotations/pom.properties","META-INF/maven/com.google.j2objc/j2objc-annotations/pom.xml"]},{"artifactCoordinates":{"groupId":"org.codehaus.mojo","artifactId":"animal-sniffer-annotations","version":"1.14","type":"jar"},"uri":"file:/C:/Users/Sivaprasad/.m2/repository/org/codehaus/mojo/animal-sniffer-annotations/1.14/animal-sniffer-annotations-1.14.jar","packages":["org.codehaus.mojo.animal_sniffer"],"resources":["META-INF/MANIFEST.MF","META-INF/maven/org.codehaus.mojo/animal-sniffer-annotations/pom.properties","META-INF/maven/org.codehaus.mojo/animal-sniffer-annotations/pom.xml"]},{"artifactCoordinates":{"groupId":"com.sun.activation","artifactId":"javax.activation","version":"1.2.0","type":"jar"},"uri":"file:/C:/Users/Sivaprasad/.m2/repository/com/sun/activation/javax.activation/1.2.0/javax.activation-1.2.0.jar","packages":["com.sun.activation.registries","com.sun.activation.viewers","javax.activation"],"resources":["META-INF/LICENSE.txt","META-INF/MANIFEST.MF","META-INF/mailcap.default","META-INF/maven/com.sun.activation/javax.activation/pom.properties","META-INF/maven/com.sun.activation/javax.activation/pom.xml","META-INF/mimetypes.default"]},{"artifactCoordinates":{"groupId":"com.sun.mail","artifactId":"jakarta.mail","version":"1.6.3","type":"jar"},"uri":"file:/C:/Users/Sivaprasad/.m2/repository/com/sun/mail/jakarta.mail/1.6.3/jakarta.mail-1.6.3.jar","packages":["com.sun.mail.auth","com.sun.mail.handlers","com.sun.mail.iap","com.sun.mail.imap","com.sun.mail.imap.protocol","com.sun.mail.pop3","com.sun.mail.smtp","com.sun.mail.util","com.sun.mail.util.logging","javax.mail","javax.mail.event","javax.mail.internet","javax.mail.search","javax.mail.util"],"resources":["META-INF/LICENSE.txt","META-INF/MANIFEST.MF","META-INF/gfprobe-provider.xml","META-INF/hk2-locator/default","META-INF/javamail.charset.map","META-INF/javamail.default.address.map","META-INF/javamail.default.providers","META-INF/mailcap","META-INF/maven/com.sun.mail/jakarta.mail/pom.properties","META-INF/maven/com.sun.mail/jakarta.mail/pom.xml","META-INF/services/javax.mail.Provider"]},{"artifactCoordinates":{"groupId":"com.sun.activation","artifactId":"jakarta.activation","version":"1.2.1","type":"jar"},"uri":"file:/C:/Users/Sivaprasad/.m2/repository/com/sun/activation/jakarta.activation/1.2.1/jakarta.activation-1.2.1.jar","packages":["com.sun.activation.registries","com.sun.activation.viewers","javax.activation"],"resources":["META-INF/LICENSE.md","META-INF/MANIFEST.MF","META-INF/NOTICE.md","META-INF/mailcap.default","META-INF/maven/com.sun.activation/jakarta.activation/pom.properties","META-INF/maven/com.sun.activation/jakarta.activation/pom.xml","META-INF/mimetypes.default"]}],"packages":["org.mule.extension.http.api","org.mule.extension.http.api.error","org.mule.extension.http.api.listener","org.mule.extension.http.api.listener.builder","org.mule.extension.http.api.listener.intercepting.cors","org.mule.extension.http.api.listener.server","org.mule.extension.http.api.notification","org.mule.extension.http.api.policy","org.mule.extension.http.api.request","org.mule.extension.http.api.request.authentication","org.mule.extension.http.api.request.builder","org.mule.extension.http.api.request.client","org.mule.extension.http.api.request.proxy","org.mule.extension.http.api.request.validator","org.mule.extension.http.api.streaming","org.mule.extension.http.internal","org.mule.extension.http.internal.certificate","org.mule.extension.http.internal.filter","org.mule.extension.http.internal.listener","org.mule.extension.http.internal.listener.intercepting","org.mule.extension.http.internal.listener.intercepting.cors","org.mule.extension.http.internal.listener.server","org.mule.extension.http.internal.request","org.mule.extension.http.internal.request.builder","org.mule.extension.http.internal.request.client","org.mule.extension.http.internal.temporary"],"resources":["META-INF/http-extension-descriptions.xml","META-INF/maven/org.mule.connectors/mule-http-connector/pom.xml","META-INF/mime.types","META-INF/mule-artifact/icon.svg","META-INF/mule-artifact/mule-artifact.json","META-INF/org/mule/runtime/core/config/registry-bootstrap.properties"]}