<?xml version="1.0" encoding="UTF-8"?>

<mule xmlns:ee="http://www.mulesoft.org/schema/mule/ee/core" xmlns="http://www.mulesoft.org/schema/mule/core"
	xmlns:doc="http://www.mulesoft.org/schema/mule/documentation"
	xmlns:xsi="http://www.w3.org/2001/XMLSchema-instance" xsi:schemaLocation="http://www.mulesoft.org/schema/mule/core http://www.mulesoft.org/schema/mule/core/current/mule.xsd
http://www.mulesoft.org/schema/mule/ee/core http://www.mulesoft.org/schema/mule/ee/core/current/mule-ee.xsd">
	<flow name="reduceforproductsFlow" doc:id="67e1c27e-975c-4811-8323-aa9927de173b" >
		<ee:transform doc:name="Transform Message" doc:id="16211d0e-0b1e-49e9-b090-93c9a21cac18" >
			<ee:message >
				<ee:set-payload ><![CDATA[%dw 2.0
output application/dw

var productsXml= readUrl("classpath://examples/products.xml","application/xml")
var products= productsXml.products.*product

fun getProductKpis(products)=

products reduce (product,acc={
hp: {price: 0, count: 0},
ibm: {price: 0, count: 0},
samsung: {price: 0, count: 0},
apple: {price: 0, count: 0},
motorola: {price: 0, count: 0}
}) -> product.brandName match {
case brandName if(brandName ~="HP") -> acc -'hp' ++ 'hp':{
	price: acc[lower(brandName)].price+product.originalPrice,
	count: acc.hp.count +1
	}
case brandName if(brandName ~= "Apple" ) -> acc -'apple' ++ 'apple':{
	price: acc[lower(brandName)].price+product.originalPrice,
	count: acc[lower(brandName)].count +1
	}
case brandName if(brandName ~= "IBM" ) -> acc -'ibm' ++ 'ibm':{
	price: acc[lower(brandName)].price+product.originalPrice,
	count: acc[lower(brandName)].count +1
	}
case brandName if(brandName ~= "Motorola" ) -> acc -'motorola' ++ 'motorola':{
	price: acc[lower(brandName)].price+product.originalPrice,
	count: acc[lower(brandName)].count +1
	}
case brandName if(brandName ~= "Samsung" ) -> acc -'samsung' ++ 'samsung':{
	price: acc[lower(brandName)].price+product.originalPrice,
	count: acc[lower(brandName)].count +1
	}
else-> acc
}

var productAverages = getProductKpis(products) mapObject ( (stats, productkey) ->
{ (productkey) : ( ( stats.price as Number ) / (stats.count as Number) )
 as Number as String {format:"#,###.00"}}
)

---
productAverages
/* 
products map (product) ->
product ++ {
"AvgPrice" : productAverages[ lower(product.brandName) ]
}

*/



]]></ee:set-payload>
			</ee:message>
		</ee:transform>
	</flow>
</mule>
