<?xml version="1.0" encoding="UTF-8"?>

<mule xmlns:http="http://www.mulesoft.org/schema/mule/http" xmlns:ee="http://www.mulesoft.org/schema/mule/ee/core"
	xmlns="http://www.mulesoft.org/schema/mule/core"
	xmlns:doc="http://www.mulesoft.org/schema/mule/documentation" xmlns:xsi="http://www.w3.org/2001/XMLSchema-instance" xsi:schemaLocation="http://www.mulesoft.org/schema/mule/core http://www.mulesoft.org/schema/mule/core/current/mule.xsd
http://www.mulesoft.org/schema/mule/ee/core http://www.mulesoft.org/schema/mule/ee/core/current/mule-ee.xsd
http://www.mulesoft.org/schema/mule/http http://www.mulesoft.org/schema/mule/http/current/mule-http.xsd">
	<http:listener-config name="HTTP_Listener_config" doc:name="HTTP Listener config" doc:id="2e81d259-7896-4471-af6a-0f8beca9ab07" >
		<http:listener-connection host="0.0.0.0" port="8081" />
	</http:listener-config>
	<flow name="usingreduceFlow" doc:id="6a31e65d-238c-41a0-a70d-19c29034fb92" >
		<http:listener doc:name="Listener" doc:id="7952053e-a0dd-44be-8a54-d810bf17b8e1" config-ref="HTTP_Listener_config" path="/reduce"/>
		<ee:transform doc:name="Transform Message" doc:id="edf84866-f451-4fd3-90db-44e762f339ad" >
			<ee:message >
				<ee:set-payload ><![CDATA[%dw 2.0
output application/dw

var numbers =1 to 5
var nestedArray = [ [1], [2,3], ["hello"] ]
var objArray = [
				{one: 1},
				{two: 2, three: 3}
				]
var stringArray = ["one", "two", "three", "four"]
---
{
a: numbers reduce (element, acc) -> element,
b: numbers reduce $,
sum: numbers reduce (element,acc) -> acc+element,
multiply: numbers reduce (element,acc) -> acc*element,
concatenate: numbers reduce (element,acc) ->acc ++ element,
concatenatereverse: numbers reduce (element,acc) -> element++ acc,
accumulateinobject: objArray reduce (element,acc={}) ->acc ++ element,
flattenArray: nestedArray reduce (element,acc=[]) -> acc++ element,
usingflatten: flatten(nestedArray),
countSmallStrings: stringArray reduce (element, acc=0) ->
						(if(sizeOf(element) < 4) 1 else 0) + acc
}]]></ee:set-payload>
			</ee:message>
		</ee:transform>
	</flow>
</mule>
