<?xml version='1.0' encoding='UTF-8'?>
<types:mule xmlns:types="http://www.mulesoft.org/schema/mule/types">
  <types:catalog>
    <types:type name="productsxml" format="xml">
      <types:example format="xml" element="{http://way2learnonline.com/domain}products" location="examples/productswithns.xml"/>
    </types:type>
  </types:catalog>
  <types:enrichment select="#fb9c6eef-9673-49db-89b7-a04c66b1ffa9">
    <types:processor-declaration>
      <types:input-event>
        <types:message>
          <types:payload type="productsxml"/>
        </types:message>
      </types:input-event>
    </types:processor-declaration>
  </types:enrichment>
  <types:enrichment select="#422721ea-064f-4a1f-9a02-e418a8a373a5">
    <types:processor-declaration>
      <types:input-event>
        <types:message>
          <types:payload type="productsxml"/>
        </types:message>
      </types:input-event>
    </types:processor-declaration>
  </types:enrichment>
</types:mule>