{"version":"1.2.0","artifactCoordinates":{"groupId":"org.mule.connectors","artifactId":"mule-sockets-connector","version":"1.1.5","type":"jar","classifier":"mule-plugin"},"dependencies":[{"artifactCoordinates":{"groupId":"commons-io","artifactId":"commons-io","version":"2.6","type":"jar"},"uri":"file:/C:/Users/Sivaprasad/.m2/repository/commons-io/commons-io/2.6/commons-io-2.6.jar","packages":["org.apache.commons.io","org.apache.commons.io.comparator","org.apache.commons.io.filefilter","org.apache.commons.io.input","org.apache.commons.io.monitor","org.apache.commons.io.output","org.apache.commons.io.serialization"],"resources":["META-INF/LICENSE.txt","META-INF/MANIFEST.MF","META-INF/NOTICE.txt","META-INF/maven/commons-io/commons-io/pom.properties","META-INF/maven/commons-io/commons-io/pom.xml"]}],"packages":["org.mule.extension.socket.api","org.mule.extension.socket.api.client","org.mule.extension.socket.api.config","org.mule.extension.socket.api.connection","org.mule.extension.socket.api.connection.tcp","org.mule.extension.socket.api.connection.tcp.protocol","org.mule.extension.socket.api.connection.udp","org.mule.extension.socket.api.exceptions","org.mule.extension.socket.api.provider.tcp","org.mule.extension.socket.api.provider.udp","org.mule.extension.socket.api.socket","org.mule.extension.socket.api.socket.factory","org.mule.extension.socket.api.socket.tcp","org.mule.extension.socket.api.socket.udp","org.mule.extension.socket.api.source","org.mule.extension.socket.api.worker","org.mule.extension.socket.internal"],"resources":["META-INF/maven/org.mule.connectors/mule-sockets-connector/pom.xml","META-INF/mule-artifact/icon.svg","META-INF/mule-artifact/mule-artifact.json","META-INF/sockets-extension-descriptions.xml"]}