{
  "extensionModelLoaderDescriptor": {
    "id": "java",
    "attributes": {
      "type": "org.mule.extension.ftp.internal.FtpConnector",
      "version": "1.2.2"
    }
  },
  "name": "FTP",
  "requiredProduct": "MULE",
  "classLoaderModelLoaderDescriptor": {
    "id": "mule",
    "attributes": {
      "privilegedExportedPackages": [
        "org.mule.extension.ftp.internal.source",
        "org.apache.commons.net.ftp",
        "org.mule.extension.ftp.internal",
        "org.mule.extension.ftp.internal.connection"
      ],
      "privilegedArtifactIds": [
        "com.mulesoft.connectors:mule-ftps-connector"
      ],
      "exportedPackages": [
        "org.mule.extension.file.common.api.matcher",
        "org.mule.extension.file.common.api",
        "org.mule.extension.ftp.api.ftp",
        "org.mule.extension.ftp.api"
      ],
      "exportedResources": []
    }
  },
  "bundleDescriptorLoader": {
    "id": "mule",
    "attributes": {}
  },
  "minMuleVersion": "4.1.0"
}