<?xml version="1.0" encoding="UTF-8"?>
<extension-documentation>
    <configs>
        <config name="config">
            <description><![CDATA[Base configuration for JmsConnector]]></description>
            <parameters>
                <parameter name="encoding">
                    <description><![CDATA[The default encoding of the Message body to be used if the message doesn't communicate it]]></description>
                </parameter>
                <parameter name="contentType">
                    <description><![CDATA[The default contentType of the Message body to be used if the message doesn't communicate it]]></description>
                </parameter>
                <parameter name="sendCorrelationId">
                    <description><![CDATA[Whether to specify a correlationId when publishing messages. This applies both for custom correlation ids specifies at the operation level and for default correlation Ids taken from the current event]]></description>
                </parameter>
                <parameter name="expirationPolicy">
                    <description><![CDATA[Configures the minimum amount of time that a dynamic configuration instance can remain idle before the runtime considers it eligible for expiration. This does not mean that the platform will expire the instance at the exact moment that it becomes eligible. The runtime will actually purge the instances when it sees it fit.]]></description>
                </parameter>
                <parameter name="ackMode">
                    <description><![CDATA[The ConsumerAckMode to use when consuming a Message Can be overridden at the message source level. This attribute has to be IMMEDIATE if transactionType is LOCAL or MULTI]]></description>
                </parameter>
                <parameter name="consumerType">
                    <description><![CDATA[The ConsumerType to be used by default when consuming a Message Can be overridden at the message source level.]]></description>
                </parameter>
                <parameter name="selector">
                    <description><![CDATA[Default selector to be used for filtering when consuming a Message Can be overridden at the message source level.]]></description>
                </parameter>
                <parameter name="maxRedelivery">
                    <description><![CDATA[Used to configure the number of redelivers before discarding the message. No redelivery is represented with 0, while -1 means infinite re deliveries accepted.]]></description>
                </parameter>
                <parameter name="persistentDelivery">
                    <description><![CDATA[Sets the default value for the Message#getJMSDeliveryMode. If true, the DeliveryMode#PERSISTENT mode will be used, which instructs the JMS provider to take extra care to insure the message is not lost in transit due to a JMS provider failure.]]></description>
                </parameter>
                <parameter name="priority">
                    <description><![CDATA[Defines the default Message#getJMSPriority to use when sending messages]]></description>
                </parameter>
                <parameter name="timeToLive">
                    <description><![CDATA[Defines the default time the message will be in the broker before it expires and is discarded]]></description>
                </parameter>
                <parameter name="timeToLiveUnit">
                    <description><![CDATA[A TimeUnit which qualifies the #timeToLive attribute. <p> Defaults to MILLISECONDS]]></description>
                </parameter>
                <parameter name="disableMessageId">
                    <description><![CDATA[Defines the default value to use when producing messages, for disabling the Message#getJMSMessageID generation in the broker. Depending on the provider it may or may not have effect]]></description>
                </parameter>
                <parameter name="disableMessageTimestamp">
                    <description><![CDATA[Defines the default value to use, when producing messages, for disable Message#getJMSTimestamp generation in the broker. Depending on the provider it may or may not have effect.]]></description>
                </parameter>
                <parameter name="deliveryDelay">
                    <description><![CDATA[This is used to determine the Message delivery delay time which is calculated by adding the deliveryDelay value specified on the send method to the time the message was sent. <p> Only used in JmsSpecification#JMS_2_0]]></description>
                </parameter>
                <parameter name="deliveryDelayUnit">
                    <description><![CDATA[A TimeUnit which qualifies the #deliveryDelay attribute. <p> Defaults to MILLISECONDS]]></description>
                </parameter>
                <parameter name="jmsType">
                    <description><![CDATA[A message JMSType identifier supplied by a client when a message is sent.]]></description>
                </parameter>
            </parameters>
        </config>
    </configs>
    <connections>
        <connection name="active-mq">
            <description><![CDATA[A ConnectionProvider that contains custom logic to handle ActiveMQ connections in particular]]></description>
            <parameters>
                <parameter name="specification">
                    <description><![CDATA[Versions of the JmsSpecification to be used by the extension. This version should be compatible with the implementation of the ConnectionFactory configured. Functionality available only for certain versions of the spec will throw an error if the version requirement is not met.]]></description>
                </parameter>
                <parameter name="cachingStrategy">
                    <description><![CDATA[the strategy to be used for caching of Sessions and Connections]]></description>
                </parameter>
                <parameter name="tlsConfiguration">
                    <description><![CDATA[TLS/SSL Configuration to be able to create Secure and Encrypted ActiveMQ Connections]]></description>
                </parameter>
                <parameter name="username">
                    <description><![CDATA[Username to be used when providing credentials for authentication.]]></description>
                </parameter>
                <parameter name="password">
                    <description><![CDATA[Password to be used when providing credentials for authentication.]]></description>
                </parameter>
                <parameter name="clientId">
                    <description><![CDATA[Client identifier to be assigned to the Connection upon creation. The purpose of client identifier is to associate a connection and its objects with a state maintained on behalf of the client by a provider. By definition, the client state identified by a client identifier can be "in use" by only one client at a time. <p> The only use of a client identifier defined by JMS is its mandatory use in identifying an unshared durable subscription or its optional use in identifying a shared durable or non-durable subscription.]]></description>
                </parameter>
                <parameter name="reconnection">
                    <description><![CDATA[When the application is deployed, a connectivity test is performed on all connectors. If set to true, deployment will fail if the test doesn't pass after exhausting the associated reconnection strategy]]></description>
                </parameter>
                <parameter name="factoryConfiguration">
                    <description><![CDATA[Parameters required to configure a default ActiveMQConnectionFactory]]></description>
                </parameter>
                <parameter name="connectionFactory">
                    <description><![CDATA[A custom ConnectionFactory that relates to an ActiveMQConnectionFactory]]></description>
                </parameter>
            </parameters>
        </connection>
        <connection name="generic">
            <description><![CDATA[Generic implementation of a JMS ConnectionProvider. This provider uses any ConnectionFactory that the user configures in order to create a JmsConnection.]]></description>
            <parameters>
                <parameter name="specification">
                    <description><![CDATA[Versions of the JmsSpecification to be used by the extension. This version should be compatible with the implementation of the ConnectionFactory configured. Functionality available only for certain versions of the spec will throw an error if the version requirement is not met.]]></description>
                </parameter>
                <parameter name="cachingStrategy">
                    <description><![CDATA[the strategy to be used for caching of Sessions and Connections]]></description>
                </parameter>
                <parameter name="connectionFactory">
                    <description><![CDATA[a JMS ConnectionFactory implementation]]></description>
                </parameter>
                <parameter name="username">
                    <description><![CDATA[Username to be used when providing credentials for authentication.]]></description>
                </parameter>
                <parameter name="password">
                    <description><![CDATA[Password to be used when providing credentials for authentication.]]></description>
                </parameter>
                <parameter name="clientId">
                    <description><![CDATA[Client identifier to be assigned to the Connection upon creation. The purpose of client identifier is to associate a connection and its objects with a state maintained on behalf of the client by a provider. By definition, the client state identified by a client identifier can be "in use" by only one client at a time. <p> The only use of a client identifier defined by JMS is its mandatory use in identifying an unshared durable subscription or its optional use in identifying a shared durable or non-durable subscription.]]></description>
                </parameter>
                <parameter name="reconnection">
                    <description><![CDATA[When the application is deployed, a connectivity test is performed on all connectors. If set to true, deployment will fail if the test doesn't pass after exhausting the associated reconnection strategy]]></description>
                </parameter>
            </parameters>
        </connection>
    </connections>
    <extension name="JMS">
        <description><![CDATA[JmsConnector is a JMS 1.0.2b, 1.1 and 2.0 compliant MuleSoft Extension, used to consume and produce JMS Messages. The Extension supports all JMS functionality including topics and queues, durable subscribers, acknowledgement modes and local transactions.]]></description>
        <parameters/>
    </extension>
    <operations>
        <operation name="consume">
            <description><![CDATA[Operation that allows the user to consume a single Message from a given Destination.]]></description>
            <parameters>
                <parameter name="destination">
                    <description><![CDATA[the name of the Destination from where the Message should be consumed]]></description>
                </parameter>
                <parameter name="consumerType">
                    <description><![CDATA[the type of the MessageConsumer that is required for the given destination, along with any extra configurations that are required based on the destination type.]]></description>
                </parameter>
                <parameter name="ackMode">
                    <description><![CDATA[the ConsumerAckMode that will be configured over the Message and Session]]></description>
                </parameter>
                <parameter name="selector">
                    <description><![CDATA[a custom JMS selector for filtering the messages]]></description>
                </parameter>
                <parameter name="contentType">
                    <description><![CDATA[the Message's content content type]]></description>
                </parameter>
                <parameter name="encoding">
                    <description><![CDATA[the Message's content encoding]]></description>
                </parameter>
                <parameter name="maximumWait">
                    <description><![CDATA[maximum time to wait for a message before timing out]]></description>
                </parameter>
                <parameter name="maximumWaitUnit">
                    <description><![CDATA[Time unit to be used in the maximumWaitTime configurations]]></description>
                </parameter>
                <parameter name="transactionalAction">
                    <description><![CDATA[The type of joining action that operations can take regarding transactions.]]></description>
                </parameter>
                <parameter name="target">
                    <description><![CDATA[The name of a variable on which the operation's output will be placed]]></description>
                </parameter>
                <parameter name="targetValue">
                    <description><![CDATA[An expression that will be evaluated against the operation's output and the outcome of that expression will be stored in the target variable]]></description>
                </parameter>
                <parameter name="reconnectionStrategy">
                    <description><![CDATA[A retry strategy in case of connectivity errors]]></description>
                </parameter>
            </parameters>
        </operation>
        <operation name="publish">
            <description><![CDATA[Operation that allows the user to send a Message to a JMS Destination]]></description>
            <parameters>
                <parameter name="destination">
                    <description><![CDATA[the name of the Destination where the Message should be sent]]></description>
                </parameter>
                <parameter name="destinationType">
                    <description><![CDATA[the DestinationType of the destination]]></description>
                </parameter>
                <parameter name="transactionalAction">
                    <description><![CDATA[Transactional Action for the operation. Indicates if the publish must be executed or not in a transaction.]]></description>
                </parameter>
                <parameter name="sendCorrelationId">
                    <description><![CDATA[options on whether to include an outbound correlation id or not]]></description>
                </parameter>
                <parameter name="body">
                    <description><![CDATA[The body of the Message]]></description>
                </parameter>
                <parameter name="jmsType">
                    <description><![CDATA[The JMSType header of the Message]]></description>
                </parameter>
                <parameter name="correlationId">
                    <description><![CDATA[The JMSCorrelationID header of the Message]]></description>
                </parameter>
                <parameter name="sendContentType">
                    <description><![CDATA[true if the body type should be sent as a Message property]]></description>
                </parameter>
                <parameter name="outboundContentType">
                    <description><![CDATA[The content type of the body]]></description>
                </parameter>
                <parameter name="sendEncoding">
                    <description><![CDATA[true if the body outboundEncoding should be sent as a Message property]]></description>
                </parameter>
                <parameter name="outboundEncoding">
                    <description><![CDATA[The outboundEncoding of the message's body]]></description>
                </parameter>
                <parameter name="replyTo">
                    <description><![CDATA[The JMSReplyTo header information of the Destination where this Message should be replied to]]></description>
                </parameter>
                <parameter name="properties">
                    <description><![CDATA[The custom user properties that should be set to this Message]]></description>
                </parameter>
                <parameter name="jmsxProperties">
                    <description><![CDATA[The JMSX properties that should be set to this Message]]></description>
                </parameter>
                <parameter name="persistentDelivery">
                    <description><![CDATA[If true; the Message will be sent using the PERSISTENT JMSDeliveryMode]]></description>
                </parameter>
                <parameter name="priority">
                    <description><![CDATA[The default JMSPriority value to be used when sending the message]]></description>
                </parameter>
                <parameter name="timeToLive">
                    <description><![CDATA[Defines the default time the message will be in the broker before it expires and is discarded]]></description>
                </parameter>
                <parameter name="timeToLiveUnit">
                    <description><![CDATA[Time unit to be used in the timeToLive configurations]]></description>
                </parameter>
                <parameter name="disableMessageId">
                    <description><![CDATA[If true; the Message will be flagged to avoid generating its MessageID]]></description>
                </parameter>
                <parameter name="disableMessageTimestamp">
                    <description><![CDATA[If true; the Message will be flagged to avoid generating its sent Timestamp]]></description>
                </parameter>
                <parameter name="deliveryDelay">
                    <description><![CDATA[Only used by JMS 2.0. Sets the delivery delay to be applied in order to postpone the Message delivery]]></description>
                </parameter>
                <parameter name="deliveryDelayUnit">
                    <description><![CDATA[Time unit to be used in the deliveryDelay configurations]]></description>
                </parameter>
                <parameter name="target">
                    <description><![CDATA[The name of a variable on which the operation's output will be placed]]></description>
                </parameter>
                <parameter name="targetValue">
                    <description><![CDATA[An expression that will be evaluated against the operation's output and the outcome of that expression will be stored in the target variable]]></description>
                </parameter>
                <parameter name="reconnectionStrategy">
                    <description><![CDATA[A retry strategy in case of connectivity errors]]></description>
                </parameter>
            </parameters>
        </operation>
        <operation name="publishConsume">
            <description><![CDATA[Operation that allows the user to send a message to a JMS Destination and waits for a response either to the provided ReplyTo destination or to a temporary Destination created dynamically]]></description>
            <parameters>
                <parameter name="destination">
                    <description><![CDATA[the name of the Destination where the Message should be sent]]></description>
                </parameter>
                <parameter name="sendCorrelationId">
                    <description><![CDATA[options on whether to include an outbound correlation id or not]]></description>
                </parameter>
                <parameter name="body">
                    <description><![CDATA[The body of the Message]]></description>
                </parameter>
                <parameter name="jmsType">
                    <description><![CDATA[The JMSType header of the Message]]></description>
                </parameter>
                <parameter name="correlationId">
                    <description><![CDATA[The JMSCorrelationID header of the Message]]></description>
                </parameter>
                <parameter name="sendContentType">
                    <description><![CDATA[true if the body type should be sent as a Message property]]></description>
                </parameter>
                <parameter name="outboundContentType">
                    <description><![CDATA[The content type of the body]]></description>
                </parameter>
                <parameter name="sendEncoding">
                    <description><![CDATA[true if the body outboundEncoding should be sent as a Message property]]></description>
                </parameter>
                <parameter name="outboundEncoding">
                    <description><![CDATA[The outboundEncoding of the message's body]]></description>
                </parameter>
                <parameter name="replyTo">
                    <description><![CDATA[The JMSReplyTo header information of the Destination where this Message should be replied to]]></description>
                </parameter>
                <parameter name="properties">
                    <description><![CDATA[The custom user properties that should be set to this Message]]></description>
                </parameter>
                <parameter name="jmsxProperties">
                    <description><![CDATA[The JMSX properties that should be set to this Message]]></description>
                </parameter>
                <parameter name="persistentDelivery">
                    <description><![CDATA[]]></description>
                </parameter>
                <parameter name="priority">
                    <description><![CDATA[]]></description>
                </parameter>
                <parameter name="timeToLive">
                    <description><![CDATA[]]></description>
                </parameter>
                <parameter name="timeToLiveUnit">
                    <description><![CDATA[]]></description>
                </parameter>
                <parameter name="disableMessageId">
                    <description><![CDATA[]]></description>
                </parameter>
                <parameter name="disableMessageTimestamp">
                    <description><![CDATA[]]></description>
                </parameter>
                <parameter name="deliveryDelay">
                    <description><![CDATA[]]></description>
                </parameter>
                <parameter name="deliveryDelayUnit">
                    <description><![CDATA[]]></description>
                </parameter>
                <parameter name="ackMode">
                    <description><![CDATA[]]></description>
                </parameter>
                <parameter name="maximumWait">
                    <description><![CDATA[]]></description>
                </parameter>
                <parameter name="maximumWaitUnit">
                    <description><![CDATA[]]></description>
                </parameter>
                <parameter name="inboundContentType">
                    <description><![CDATA[]]></description>
                </parameter>
                <parameter name="inboundEncoding">
                    <description><![CDATA[]]></description>
                </parameter>
                <parameter name="target">
                    <description><![CDATA[The name of a variable on which the operation's output will be placed]]></description>
                </parameter>
                <parameter name="targetValue">
                    <description><![CDATA[An expression that will be evaluated against the operation's output and the outcome of that expression will be stored in the target variable]]></description>
                </parameter>
                <parameter name="reconnectionStrategy">
                    <description><![CDATA[A retry strategy in case of connectivity errors]]></description>
                </parameter>
            </parameters>
        </operation>
        <operation name="ack">
            <description><![CDATA[Allows the user to perform an ACK when the AckMode#MANUAL mode is elected while consuming the Message. As per JMS Spec, performing an ACK over a single Message automatically works as an ACK for all the Messages produced in the same JmsSession.]]></description>
            <parameters>
                <parameter name="ackId">
                    <description><![CDATA[The AckId of the Message to ACK]]></description>
                </parameter>
                <parameter name="target">
                    <description><![CDATA[The name of a variable on which the operation's output will be placed]]></description>
                </parameter>
                <parameter name="targetValue">
                    <description><![CDATA[An expression that will be evaluated against the operation's output and the outcome of that expression will be stored in the target variable]]></description>
                </parameter>
            </parameters>
        </operation>
        <operation name="recoverSession">
            <description><![CDATA[Allows the user to perform a session recover when the AckMode#MANUAL mode is elected while consuming the Message. As per JMS Spec, performing a session recover automatically will redeliver all the consumed messages that had not being acknowledged before this recover.]]></description>
            <parameters>
                <parameter name="ackId">
                    <description><![CDATA[The AckId of the Message Session to recover]]></description>
                </parameter>
                <parameter name="target">
                    <description><![CDATA[The name of a variable on which the operation's output will be placed]]></description>
                </parameter>
                <parameter name="targetValue">
                    <description><![CDATA[An expression that will be evaluated against the operation's output and the outcome of that expression will be stored in the target variable]]></description>
                </parameter>
            </parameters>
        </operation>
    </operations>
    <sources>
        <source name="listener">
            <description><![CDATA[JMS Subscriber for Destinations, allows to listen for incoming Messages]]></description>
            <parameters>
                <parameter name="destination">
                    <description><![CDATA[The name of the Destination from where the Message should be consumed]]></description>
                </parameter>
                <parameter name="consumerType">
                    <description><![CDATA[The Type of the Consumer that should be used for the provided destination]]></description>
                </parameter>
                <parameter name="ackMode">
                    <description><![CDATA[The Session ACK mode to use when consuming a message]]></description>
                </parameter>
                <parameter name="selector">
                    <description><![CDATA[JMS selector to be used for filtering incoming messages]]></description>
                </parameter>
                <parameter name="inboundContentType">
                    <description><![CDATA[The content type of the message body]]></description>
                </parameter>
                <parameter name="inboundEncoding">
                    <description><![CDATA[The inboundEncoding of the message body]]></description>
                </parameter>
                <parameter name="numberOfConsumers">
                    <description><![CDATA[The number of concurrent consumers that will be used to receive JMS Messages]]></description>
                </parameter>
                <parameter name="transactionalAction">
                    <description><![CDATA[The type of beginning action that sources can take regarding transactions.]]></description>
                </parameter>
                <parameter name="transactionType">
                    <description><![CDATA[The type of transaction to create. Availability will depend on the runtime version.]]></description>
                </parameter>
                <parameter name="primaryNodeOnly">
                    <description><![CDATA[Whether this source should only be executed on the primary node when runnning in Cluster]]></description>
                </parameter>
                <parameter name="redeliveryPolicy">
                    <description><![CDATA[Defines a policy for processing the redelivery of the same message]]></description>
                </parameter>
                <parameter name="reconnectionStrategy">
                    <description><![CDATA[A retry strategy in case of connectivity errors]]></description>
                </parameter>
                <parameter name="body">
                    <description><![CDATA[The body of the Message]]></description>
                </parameter>
                <parameter name="jmsType">
                    <description><![CDATA[The JMSType header of the Message]]></description>
                </parameter>
                <parameter name="correlationId">
                    <description><![CDATA[The JMSCorrelationID header of the Message]]></description>
                </parameter>
                <parameter name="sendContentType">
                    <description><![CDATA[true if the body type should be sent as a Message property]]></description>
                </parameter>
                <parameter name="outboundContentType">
                    <description><![CDATA[The content type of the body]]></description>
                </parameter>
                <parameter name="sendEncoding">
                    <description><![CDATA[true if the body outboundEncoding should be sent as a Message property]]></description>
                </parameter>
                <parameter name="outboundEncoding">
                    <description><![CDATA[The outboundEncoding of the message's body]]></description>
                </parameter>
                <parameter name="replyTo">
                    <description><![CDATA[The JMSReplyTo header information of the Destination where this Message should be replied to]]></description>
                </parameter>
                <parameter name="properties">
                    <description><![CDATA[The custom user properties that should be set to this Message]]></description>
                </parameter>
                <parameter name="jmsxProperties">
                    <description><![CDATA[The JMSX properties that should be set to this Message]]></description>
                </parameter>
                <parameter name="persistentDelivery">
                    <description><![CDATA[Whether or not the delivery should be done with a persistent configuration]]></description>
                </parameter>
                <parameter name="priority">
                    <description><![CDATA[The default JMSPriority value to be used when sending the message]]></description>
                </parameter>
                <parameter name="timeToLive">
                    <description><![CDATA[Defines the default time the message will be in the broker before it expires and is discarded]]></description>
                </parameter>
                <parameter name="timeToLiveUnit">
                    <description><![CDATA[Time unit to be used in the timeToLive configurations]]></description>
                </parameter>
                <parameter name="disableMessageId">
                    <description><![CDATA[If true; the Message will be flagged to avoid generating its MessageID]]></description>
                </parameter>
                <parameter name="disableMessageTimestamp">
                    <description><![CDATA[If true; the Message will be flagged to avoid generating its sent Timestamp]]></description>
                </parameter>
                <parameter name="deliveryDelay">
                    <description><![CDATA[Only used by JMS 2.0. Sets the delivery delay to be applied in order to postpone the Message delivery]]></description>
                </parameter>
                <parameter name="deliveryDelayUnit">
                    <description><![CDATA[Time unit to be used in the deliveryDelay configurations]]></description>
                </parameter>
                <parameter name="sendCorrelationId">
                    <description><![CDATA[Options on whether to include an outbound correlation id or not]]></description>
                </parameter>
            </parameters>
        </source>
    </sources>
    <types>
        <type name="org.mule.extensions.jms.api.connection.caching.CachingStrategy">
            <description><![CDATA[Defines the strategy to be used for caching of Connections

 @since 1.0]]></description>
            <parameters/>
        </type>
        <type name="org.mule.extensions.jms.api.connection.caching.DefaultCachingStrategy">
            <description><![CDATA[Default implementation of CachingConfiguration that not only enables caching
 but also provides default values for all the configurable parameters

 @since 1.0]]></description>
            <parameters>
                <parameter name="sessionCacheSize">
                    <description><![CDATA[]]></description>
                </parameter>
                <parameter name="cacheProducers">
                    <description><![CDATA[]]></description>
                </parameter>
                <parameter name="cacheConsumers">
                    <description><![CDATA[]]></description>
                </parameter>
            </parameters>
        </type>
        <type name="org.mule.extensions.jms.api.connection.caching.NoCachingConfiguration">
            <description><![CDATA[Implementation of CachingConfiguration is the
 recommended only if an external CachingConnectionFactory is already being parameterized or if this extension is being
 used in the context of a Java EE web or EJB application.

 @since 4,0]]></description>
            <parameters/>
        </type>
        <type name="org.mule.extensions.jms.api.connection.factory.activemq.ActiveMQConnectionFactoryConfiguration">
            <description><![CDATA[Contains the parameters required to configure an ActiveMQConnectionFactory

 @since 1.0]]></description>
            <parameters>
                <parameter name="brokerUrl">
                    <description><![CDATA[The address of the broker to connect]]></description>
                </parameter>
                <parameter name="enable-xa">
                    <description><![CDATA[ConnectionFactory should support XA]]></description>
                </parameter>
                <parameter name="initialRedeliveryDelay">
                    <description><![CDATA[Used to configure the RedeliveryPolicy#getInitialRedeliveryDelay()]]></description>
                </parameter>
                <parameter name="redeliveryDelay">
                    <description><![CDATA[Used to configure the RedeliveryPolicy#getRedeliveryDelay()]]></description>
                </parameter>
                <parameter name="maxRedelivery">
                    <description><![CDATA[Used to configure the RedeliveryPolicy#getMaximumRedeliveries()
 No redelivery is represented with 0, while -1 means infinite re deliveries accepted.]]></description>
                </parameter>
                <parameter name="trustedPackages">
                    <description><![CDATA[Whitelist of packages of classes that are allowed sent and received.
 This property starting versions 5.12.2 and 5.13.0, ActiveMQ enforces users to explicitly whitelist packages that
 can be exchanged using ObjectMessages.]]></description>
                </parameter>
                <parameter name="trustAllPackages">
                    <description><![CDATA[Indicates if any class from any package can be sent and received. Enabling this is unsafe as malicious payload can
 exploit the host system.
 This property starting versions 5.12.2 and 5.13.0, ActiveMQ enforces users to explicitly whitelist packages that
 can be exchanged using ObjectMessages.]]></description>
                </parameter>
            </parameters>
        </type>
        <type name="org.mule.extensions.jms.api.connection.factory.jndi.CachedJndiNameResolver">
            <description><![CDATA[Defines a JndiNameResolver that uses a cache in order to store
 the already resolved names.
 <p/>
 The cache does not have an automated mechanism for cleaning up the data.
 In case of getting corrupt data, a way to cleaning up the cache is to stop
 and then restart the instance.

 @since 1.0]]></description>
            <parameters/>
        </type>
        <type name="org.mule.extensions.jms.api.connection.factory.jndi.JndiConnectionFactory">
            <description><![CDATA[A delegate
 that is discovered using a JndiNameResolver

 @since 1.0]]></description>
            <parameters>
                <parameter name="connectionFactoryJndiName">
                    <description><![CDATA[Name of the ConnectionFactory to be discovered using Jndi
 and used as a delegate of ConnectionFactory]]></description>
                </parameter>
                <parameter name="lookupDestination">
                    <description><![CDATA[The Destinations]]></description>
                </parameter>
                <parameter name="nameResolverProvider">
                    <description><![CDATA[Provider for the JndiNameResolver]]></description>
                </parameter>
            </parameters>
        </type>
        <type name="org.mule.extensions.jms.api.connection.factory.jndi.JndiNameResolver">
            <description><![CDATA[Defines a strategy for lookup objects by name using JNDI.

 @since 1.0]]></description>
            <parameters/>
        </type>
        <type name="org.mule.extensions.jms.api.connection.factory.jndi.SimpleJndiNameResolver">
            <description><![CDATA[Defines a simple Context
 instance opened all the time and always relies on the context to do the look
 ups.

 @since 1.0]]></description>
            <parameters/>
        </type>
        <type name="org.mule.extensions.jms.api.destination.ConsumerType">
            <description><![CDATA[Implementations of this interface provide a way to configure custom properties for a consumer
 based on the destination kind from which consumption will occurr

 @since 1.0]]></description>
            <parameters/>
        </type>
        <type name="org.mule.extensions.jms.api.destination.JmsDestination">
            <description><![CDATA[Representation of a Destination that contains it's identifier name
 and kind of Destination

 @since 1.0]]></description>
            <parameters>
                <parameter name="destination">
                    <description><![CDATA[The name that identifies the destination where a reply to a message should be sent]]></description>
                </parameter>
                <parameter name="destinationType">
                    <description><![CDATA[the type of this destination]]></description>
                </parameter>
            </parameters>
        </type>
        <type name="org.mule.extensions.jms.api.destination.QueueConsumer">
            <description><![CDATA[Implementation of Destination
 as a Queue.

 @since 1.0]]></description>
            <parameters/>
        </type>
        <type name="org.mule.extensions.jms.api.destination.TopicConsumer">
            <description><![CDATA[Implementation of Destination
 as a Topic and provides a way to configure topic-specific consumer parameters

 @since 1.0]]></description>
            <parameters>
                <parameter name="durable">
                    <description><![CDATA[]]></description>
                </parameter>
                <parameter name="shared">
                    <description><![CDATA[]]></description>
                </parameter>
                <parameter name="noLocal">
                    <description><![CDATA[]]></description>
                </parameter>
                <parameter name="subscriptionName">
                    <description><![CDATA[]]></description>
                </parameter>
            </parameters>
        </type>
        <type name="org.mule.extensions.jms.api.message.JmsAttributes">
            <description><![CDATA[Contains all the metadata of a JMS Message, it carries information such as the Headers,
 the Properties and the required ID for performing an ACK on the Message.
 <p>

 @since 1.0]]></description>
            <parameters>
                <parameter name="properties">
                    <description><![CDATA[Container element for all the properties present in a JMS Message]]></description>
                </parameter>
                <parameter name="headers">
                    <description><![CDATA[All the possible headers of a JMS Message]]></description>
                </parameter>
                <parameter name="ackId">
                    <description><![CDATA[The session ACK ID required to ACK a the current Message if one is available, or null otherwise.]]></description>
                </parameter>
            </parameters>
        </type>
        <type name="org.mule.extensions.jms.api.message.JmsxProperties">
            <description><![CDATA[JMS reserves the 'JMSX' property name prefix for JMS defined properties. Here we
 define the set of 'well known' properties of JMS.

 JMSX properties 'set by provider on send' are available to both the producer and
 the consumers of the message. If they are not present in a message, they are treated
 like any other absent property.


 @since 1.0]]></description>
            <parameters>
                <parameter name="jmsxUserID">
                    <description><![CDATA[]]></description>
                </parameter>
                <parameter name="jmsxAppID">
                    <description><![CDATA[]]></description>
                </parameter>
                <parameter name="jmsxDeliveryCount">
                    <description><![CDATA[]]></description>
                </parameter>
                <parameter name="jmsxGroupID">
                    <description><![CDATA[]]></description>
                </parameter>
                <parameter name="jmsxGroupSeq">
                    <description><![CDATA[]]></description>
                </parameter>
                <parameter name="jmsxProducerTXID">
                    <description><![CDATA[]]></description>
                </parameter>
                <parameter name="jmsxConsumerTXID">
                    <description><![CDATA[]]></description>
                </parameter>
                <parameter name="jmsxRcvTimestamp">
                    <description><![CDATA[]]></description>
                </parameter>
            </parameters>
        </type>
    </types>
</extension-documentation>
