<?xml version='1.0' encoding='UTF-8'?>
<types:mule xmlns:types="http://www.mulesoft.org/schema/mule/types">
  <types:catalog>
    <types:type name="productjson" format="json">
      <types:shape format="weave" example="product.json"><![CDATA[%dw 2.0

type productjson = {|
  productId: Number {"typeId": "int"}, 
  name: String, 
  description: String, 
  originalPrice: Number {"typeId": "int"}, 
  offer: {|
    discountPercentage: Number {"typeId": "int"}, 
    offerValidUntil: Number {"typeId": "double"}
  |}, 
  brandName: String, 
  images: Array<String>
|} {"example": "{\\\"productId\\\":1,\\\"name\\\":\\\"Hp Pavilion laptop\\\",\\\"description\\\":\\\"Hp Laptop \\\",\\\"originalPrice\\\":1000,\\\"offer\\\":{\\\"discountPercentage\\\":25,\\\"offerValidUntil\\\":1467105373745},\\\"brandName\\\":\\\"HP\\\",\\\"images\\\":[\\\"image1.jpeg\\\",\\\"image2.jpeg\\\",\\\"image3.jpeg\\\"]}"}

]]></types:shape>
    </types:type>
    <types:type name="productsjson" format="json">
      <types:shape format="weave" example="products.json"><![CDATA[%dw 2.0

type productsjson = Array<{|  productId: Number {"typeId": "int"},   name: String,   description: String,   originalPrice: Number {"typeId": "int"},   offer: {|    offerPrice: Number {"typeId": "int"},     offerValidUntil: Number {"typeId": "double"}  |},   brandName: String,   images: Array<String>
|}> {"example": "[{\\\"productId\\\":1,\\\"name\\\":\\\"Hp Pavilion laptop\\\",\\\"description\\\":\\\"Hp Laptop \\\",\\\"originalPrice\\\":1000,\\\"offer\\\":{\\\"offerPrice\\\":1000,\\\"offerValidUntil\\\":1467105373745},\\\"brandName\\\":\\\"HP\\\",\\\"images\\\":[\\\"image1.jpeg\\\",\\\"image2.jpeg\\\",\\\"image3.jpeg\\\"]},{\\\"productId\\\":2,\\\"name\\\":\\\"Macbook Pro laptop\\\",\\\"description\\\":\\\"Apple Laptop \\\",\\\"originalPrice\\\":3000,\\\"offer\\\":{\\\"offerPrice\\\":3000,\\\"offerValidUntil\\\":1467105374471},\\\"brandName\\\":\\\"Apple\\\",\\\"images\\\":[\\\"image3.jpeg\\\",\\\"image4.jpeg\\\",\\\"image5.jpeg\\\"]},{\\\"productId\\\":3,\\\"name\\\":\\\"Mac Book  laptop\\\",\\\"description\\\":\\\"Apple Laptop \\\",\\\"originalPrice\\\":2000,\\\"offer\\\":{\\\"offerPrice\\\":2000,\\\"offerValidUntil\\\":1467105374474},\\\"brandName\\\":\\\"Apple\\\",\\\"images\\\":[\\\"image6.jpeg\\\",\\\"image7.jpeg\\\",\\\"image8.jpeg\\\"]},{\\\"productId\\\":4,\\\"name\\\":\\\"IBM laptop\\\",\\\"description\\\":\\\"IBM Laptop \\\",\\\"originalPrice\\\":4000,\\\"offer\\\":{\\\"offerPrice\\\":4000,\\\"offerValidUntil\\\":1467105374477},\\\"brandName\\\":\\\"IBM\\\",\\\"images\\\":[\\\"image9.jpeg\\\",\\\"image10.jpeg\\\",\\\"image11.jpeg\\\"]},{\\\"productId\\\":5,\\\"name\\\":\\\"MotoX Mobile\\\",\\\"description\\\":\\\"Motorola Mobile \\\",\\\"originalPrice\\\":1000,\\\"offer\\\":{\\\"offerPrice\\\":1000,\\\"offerValidUntil\\\":1467105374480},\\\"brandName\\\":\\\"Motorola\\\",\\\"images\\\":[\\\"image12.jpeg\\\",\\\"image13.jpeg\\\",\\\"image14.jpeg\\\"]},{\\\"productId\\\":6,\\\"name\\\":\\\"Samsung Note 5\\\",\\\"description\\\":\\\"Samsung Mobile \\\",\\\"originalPrice\\\":5000,\\\"offer\\\":{\\\"offerPrice\\\":5000,\\\"offerValidUntil\\\":1467105374482},\\\"brandName\\\":\\\"Samsung\\\",\\\"images\\\":[\\\"image15.jpeg\\\",\\\"image16.jpeg\\\",\\\"image17.jpeg\\\"]}]"}

]]></types:shape>
    </types:type>
    <types:type name="usersxml" format="xml">
      <types:example format="xml" element="users" location="users.xml"/>
    </types:type>
    <types:type name="orderxml" format="xml">
      <types:example format="xml" element="order" location="order.xml"/>
    </types:type>
  </types:catalog>
  <types:enrichment select="#3b908147-cc92-4aa2-8d1b-bd79dfd05fae">
    <types:processor-declaration>
      <types:input-event>
        <types:message>
          <types:payload type="productjson"/>
        </types:message>
      </types:input-event>
    </types:processor-declaration>
  </types:enrichment>
  <types:enrichment select="#7df46a1c-a17d-4347-9ddc-8f3caf7f2575">
    <types:processor-declaration>
      <types:input-event>
        <types:message>
          <types:payload type="productsjson"/>
        </types:message>
      </types:input-event>
    </types:processor-declaration>
  </types:enrichment>
  <types:enrichment select="#5bb3c60e-6d66-4b53-862a-143c1a5f0b09">
    <types:processor-declaration>
      <types:input-event>
        <types:message>
          <types:payload type="usersxml"/>
        </types:message>
      </types:input-event>
    </types:processor-declaration>
  </types:enrichment>
  <types:enrichment select="#637d7156-da34-4f1c-af5e-c135ed6d15ff">
    <types:processor-declaration>
      <types:input-event>
        <types:message>
          <types:payload type="orderxml"/>
        </types:message>
      </types:input-event>
    </types:processor-declaration>
  </types:enrichment>
</types:mule>