{
  "extensionModelLoaderDescriptor": {
    "id": "java",
    "attributes": {
      "type": "org.mule.extension.http.internal.temporary.HttpConnector",
      "version": "1.5.11"
    }
  },
  "name": "HTTP",
  "requiredProduct": "MULE",
  "classLoaderModelLoaderDescriptor": {
    "id": "mule",
    "attributes": {
      "privilegedExportedPackages": [],
      "privilegedArtifactIds": [],
      "exportedPackages": [
        "org.mule.extension.http.api",
        "org.mule.extension.http.api.policy",
        "org.mule.extension.http.api.notification",
        "org.mule.extension.http.api.listener.intercepting.cors",
        "org.mule.extension.http.api.request.validator",
        "org.mule.modules.cors.api.configuration.origin",
        "org.mule.extension.http.api.request.proxy",
        "org.mule.extension.http.api.request",
        "org.mule.extension.http.api.streaming",
        "org.mule.extension.http.api.request.authentication",
        "org.mule.extension.http.api.error",
        "org.mule.extension.socket.api.socket.tcp",
        "org.mule.extension.http.api.request.builder"
      ],
      "exportedResources": []
    }
  },
  "bundleDescriptorLoader": {
    "id": "mule",
    "attributes": {}
  },
  "minMuleVersion": "4.1.1"
}