<users>
  <user>
    <personal_information>
      <first_name>Emiliano</first_name>
      <middle_name>Romoaldo</middle_name>
      <last_name>Lesende</last_name>
      <ssn>****</ssn>
    </personal_information>
    <login_information>
      <username>3miliano</username>
    </login_information>
  </user>
  <user>
    <personal_information>
      <first_name>Mariano</first_name>
      <middle_name>Toribio</middle_name>
      <last_name>de Achaval</last_name>
      <ssn>****</ssn>
    </personal_information>
    <login_information>
      <username>machaval</username>
    </login_information>
  </user>
</users>
