{
  "items": [
    {
      "type": "book",
      "price": 30.00,
      "properties": {
        "title": {
          "-lang": "en",
          "#text": "Everyday Italian"
        },
        "author": "Giada De Laurentiis",
        "year": 2005
      }
    },
    {
      "type": "book",
      "price": 29.99,
      "properties": {
        "title": {
          "-lang": "en",
          "#text": "Harry Potter"
        },
        "author": "J K. Rowling",
        "year": 2005
      }
    },
    {
      "type": "book",
      "price": 49.99,
      "properties": {
        "title": {
          "-lang": "en",
          "#text": "XQuery Kick Start"
        },
        "author": [
          "James McGovern",
          "Per Bothner",
          "Kurt Cagle",
          "James Linn",
          "Vaidyanathan Nagarajan"
        ],
        "year": 2003
      }
    },
    {
      "type": "book",
      "price": 39.95,
      "properties": {
        "title": {
          "-lang": "en",
          "#text": "Learning XML"
        },
        "author": "Erik T. Ray",
        "year": 2003
      }
    }
  ]
}
