<?xml version="1.0" encoding="UTF-8"?>
<bookstore>
  <book>
    <title lang="en">Everyday Italian</title>
    <year>2005</year>
    <price>30</price>
<authors>
    <author loc="US">Giada De Laurentiis</author>
</authors>

  </book>
  <book>
    <title lang="en">Harry Potter</title>
    <year>2005</year>
    <price>29.99</price>
    <authors>
    <author loc="US">J K. Rowling</author>
    </authors>
  </book>
  <book>
    <title lang="en">XQuery Kick Start</title>
    <year>2003</year>
    <price>49.99</price>
<authors>
    <author loc="US">James McGovern</author>
    <author loc="US">Per Bothner</author>
    <author loc="US">Kurt Cagle</author>
    <author loc="US">James Linn</author>
    <author loc="US">Vaidyanathan Nagarajan</author>
</authors>

  </book>
  <book>
    <title lang="en">Learning XML</title>
    <year>2003</year>
    <price>39.95</price>
<authors>

    <author loc="US">Erik T. Ray</author>
</authors>

  </book>
</bookstore>
