{
  "classrooms": {
    "class": {
      "name": "DW",
      "teachers": [
        {
          "teacher": {
            "name": [
              "Mariano"
            ],
            "lastName": [
              "De Achaval"
            ]
          }
        },
        {
          "teacher": {
            "name": [
              "Emiliano"
            ],
            "lastName": [
              "Lesende"
            ]
          }
        }
      ],
      "attendees": [
        {
          "attendee": {
            "name": [
              "Peter"
            ],
            "lastName": [
              "Parker"
            ]
          }
        }
      ]
    },
    "class": {
      "name": "Scala",
      "teachers": [
        {
          "teacher": {
            "name": [
              "Leandro"
            ],
            "lastName": [
              "Shokida"
            ]
          }
        }
      ],
      "attendees": [
        {
          "attendee": {
            "name": [
              "Peter"
            ],
            "lastName": [
              "Parker"
            ]
          }
        },
        {
          "attendee": {
            "name": [
              "Homer"
            ],
            "lastName": [
              "Simpson"
            ]
          }
        }
      ]
    }
  }
}
