<?xml version="1.0" encoding="UTF-8"?>

<mule xmlns:http="http://www.mulesoft.org/schema/mule/http" xmlns:ee="http://www.mulesoft.org/schema/mule/ee/core"
	xmlns="http://www.mulesoft.org/schema/mule/core"
	xmlns:doc="http://www.mulesoft.org/schema/mule/documentation" xmlns:xsi="http://www.w3.org/2001/XMLSchema-instance" xsi:schemaLocation="http://www.mulesoft.org/schema/mule/core http://www.mulesoft.org/schema/mule/core/current/mule.xsd
http://www.mulesoft.org/schema/mule/ee/core http://www.mulesoft.org/schema/mule/ee/core/current/mule-ee.xsd
http://www.mulesoft.org/schema/mule/http http://www.mulesoft.org/schema/mule/http/current/mule-http.xsd">
	<http:listener-config name="HTTP_Listener_config" doc:name="HTTP Listener config" doc:id="37ebd74f-34bb-42e6-92fe-9770389838cc" >
		<http:listener-connection host="0.0.0.0" port="8081" />
	</http:listener-config>
	<flow name="usingtryfaillogFlow" doc:id="96711274-3077-47b8-b323-232f63713fa4" >
		<http:listener doc:name="Listener" doc:id="d6d1cd5f-e0db-4653-ba49-9e222cc804bf" />
		<ee:transform doc:name="Transform Message" doc:id="cc7674a9-8b48-4ae7-9e6a-8d4d6699c027" >
			<ee:message >
				<ee:set-payload ><![CDATA[%dw 2.0
output application/java

fun getAllstatesFromFile(inputFileName:String)=

			readUrl("classpath://"++ inputFileName,"application/xml")



fun getStateDetailsByName(name) =
			do{
				var statesXml= getAllstatesFromFile("states.xml")
				---
				statesXml.states.*state[?($.@name ~= name)].@[0]
			}
---
getStateDetailsByName("California")]]></ee:set-payload>
			</ee:message>
		</ee:transform>
	</flow>
</mule>
