<?xml version="1.0" encoding="UTF-8"?>

<mule xmlns:ee="http://www.mulesoft.org/schema/mule/ee/core" xmlns="http://www.mulesoft.org/schema/mule/core"
	xmlns:doc="http://www.mulesoft.org/schema/mule/documentation"
	xmlns:xsi="http://www.w3.org/2001/XMLSchema-instance" xsi:schemaLocation="http://www.mulesoft.org/schema/mule/core http://www.mulesoft.org/schema/mule/core/current/mule.xsd
http://www.mulesoft.org/schema/mule/ee/core http://www.mulesoft.org/schema/mule/ee/core/current/mule-ee.xsd">
	<flow name="usingobjectsmoduleFlow" doc:id="11942c4f-bbe7-4d14-a6da-12f4d6200d85" >
		<ee:transform doc:name="Transform Message" doc:id="422721ea-064f-4a1f-9a02-e418a8a373a5" >
			<ee:message >
				<ee:set-payload ><![CDATA[%dw 2.0
output application/dw

import dw::core::Objects

var productsXml= readUrl("classpath://examples/productswithns.xml","application/xml")

//var products=productsXml.products.*product

---

pluck(productsXml.products,(V,K,I)-> 
		("product" ++ I): K.@
)



]]></ee:set-payload>
			</ee:message>
		</ee:transform>
	</flow>
	<flow name="usingarraysmodule" doc:id="1aa3b6fe-d4e0-4acb-929c-55dafb054c1b" >
		<ee:transform doc:name="Transform Message" doc:id="fb9c6eef-9673-49db-89b7-a04c66b1ffa9" >
			<ee:message >
				<ee:set-payload ><![CDATA[%dw 2.0
output application/dw

import dw::core::Arrays

var productsXml= readUrl("classpath://examples/products.xml","application/xml")

var products=productsXml.products.*product

---
flatten(products.originalPrice Arrays::divideBy(2))
]]></ee:set-payload>
			</ee:message>
		</ee:transform>
	</flow>
</mule>
