<?xml version='1.0' encoding='UTF-8'?>
<types:mule xmlns:types="http://www.mulesoft.org/schema/mule/types">
  <types:catalog>
    <types:type name="productsxml" format="xml">
      <types:example format="xml" element="{http://way2learnonline.com/domain}products" location="examples/products.xml"/>
    </types:type>
    <types:type name="queryparamsinattributes" format="java">
      <types:shape format="raml"><![CDATA[#%RAML 1.0 DataType
type: string]]></types:shape>
    </types:type>
  </types:catalog>
  <types:enrichment select="#7e8026a1-f583-4a15-9281-3f18ba08d451">
    <types:processor-declaration>
      <types:input-event>
        <types:message>
          <types:payload type="productsxml"/>
        </types:message>
      </types:input-event>
    </types:processor-declaration>
  </types:enrichment>
  <types:enrichment select="#5515e042-a028-422a-bb38-a2e211da3d7e">
    <types:processor-declaration>
      <types:input-event>
        <types:message>
          <types:payload type="productsxml"/>
        </types:message>
      </types:input-event>
    </types:processor-declaration>
  </types:enrichment>
</types:mule>