<?xml version="1.0" encoding="UTF-8"?>

<mule xmlns:ee="http://www.mulesoft.org/schema/mule/ee/core" xmlns="http://www.mulesoft.org/schema/mule/core"
	xmlns:doc="http://www.mulesoft.org/schema/mule/documentation"
	xmlns:xsi="http://www.w3.org/2001/XMLSchema-instance" xsi:schemaLocation="http://www.mulesoft.org/schema/mule/core http://www.mulesoft.org/schema/mule/core/current/mule.xsd
http://www.mulesoft.org/schema/mule/ee/core http://www.mulesoft.org/schema/mule/ee/core/current/mule-ee.xsd">
	<flow name="usingarraysmoduleFlow1" doc:id="0018e8f8-e8b9-4e1f-b499-2b2e0a5735cf" >
		<ee:transform doc:name="Transform Message" doc:id="5367f88d-5acd-416d-8bd2-b4fa34606d7e" >
			<ee:message >
				<ee:set-payload ><![CDATA[%dw 2.0
output application/dw

import dw::core::Objects

var productsXml=readUrl("classpath://examples/productswithns.xml","application/xml")

var products= productsXml.products.*product

---

{one:"ONE", one: "One2", two:"TWO"} Objects::mergeWith {one:"Number1"}

//Objects::valueSet(productsXml.products)

//Objects::entrySet(productsXml.products) map $.attributes 
//Objects::keySet(productsXml.products) map $.@
//pluck(productsXml.products,(V,K,I) -> product : K.@)

//productsXml]]></ee:set-payload>
			</ee:message>
		</ee:transform>
	</flow>
	<flow name="usingarraysmoduleFlow" doc:id="1bce69d4-0f6f-4309-877b-664e6b72c9c2" >
		<ee:transform doc:name="Transform Message" doc:id="2629019f-ba7d-43bc-a1cd-03d2b3dee091" >
			<ee:message >
				<ee:set-payload ><![CDATA[%dw 2.0
output application/dw

import dw::core::Arrays

var productsXml= readUrl("classpath://examples/products.xml","application/xml")

var products=productsXml.products.*product
---
 //Arrays::every ( products, (product) -> product.originalPrice <= 5000)
 
 //products Arrays::countBy $.originalPrice>3000
 
 //products Arrays::sumBy if($.originalPrice >3000) $.originalPrice else 0

flatten(products.originalPrice Arrays::divideBy(2))]]></ee:set-payload>
			</ee:message>
		</ee:transform>
	</flow>
</mule>
