 <way2learn:products xmlns:way2learn="http://way2learnonline.com/domain">
            <way2learn:product1 productId="1" name="Hp Pavilion laptop">
               <brandName>HP</brandName>
               <description>Hp Laptop</description>
               <images>
                  <image>image1.jpeg</image>
                  <image>image2.jpeg</image>
                  <image>image3.jpeg</image>
               </images>               
               <offer>
                  <offerPrice>1000.0</offerPrice>
                  <offerValidUntil>2016-06-29</offerValidUntil>
               </offer>
               <originalPrice>1000.0</originalPrice>
              
            </way2learn:product1>
             <way2learn:product2 productId="2" name="Macbook Pro laptop">
               <brandName>Apple</brandName>
               <description>Apple Laptop</description>
               <images>
                  <image>image3.jpeg</image>
                  <image>image4.jpeg</image>
                  <image>image5.jpeg</image>
               </images>
              
               <offer>
                  <offerPrice>3000.0</offerPrice>
                  <offerValidUntil>2016-06-29</offerValidUntil>
               </offer>
               <originalPrice>3000.0</originalPrice>
             
            </way2learn:product2>
            <way2learn:product3 productId="3" name="Mac Book  laptop">
               <brandName>Apple</brandName>
               <description>Apple Laptop</description>
               <images>
                  <image>image6.jpeg</image>
                  <image>image7.jpeg</image>
                  <image>image8.jpeg</image>
               </images>
              
               <offer>
                  <offerPrice>2000.0</offerPrice>
                  <offerValidUntil>2016-06-29</offerValidUntil>
               </offer>
               <originalPrice>2000.0</originalPrice>
             
            </way2learn:product3>
             <way2learn:product4 productId="4" name="IBM laptop">
               <brandName>IBM</brandName>
               <description>IBM Laptop</description>
               <images>
                  <image>image9.jpeg</image>
                  <image>image10.jpeg</image>
                  <image>image11.jpeg</image>
               </images>
              
               <offer>
                  <offerPrice>4000.0</offerPrice>
                  <offerValidUntil>2016-06-29</offerValidUntil>
               </offer>
               <originalPrice>4000.0</originalPrice>
              
            </way2learn:product4>
           <way2learn:product5 productId="5" name="MotoX Mobile">
               <brandName>Motorola</brandName>
               <description>Motorola Mobile</description>
               <images>
                  <image>image12.jpeg</image>
                  <image>image13.jpeg</image>
                  <image>image14.jpeg</image>
               </images>
               
               <offer>
                  <offerPrice>1000.0</offerPrice>
                  <offerValidUntil>2016-06-29</offerValidUntil>
               </offer>
               <originalPrice>1000.0</originalPrice>
               
            </way2learn:product5>
             <way2learn:product6 productId="6" name="Samsung Note 5">
               <brandName>Samsung</brandName>
               <description>Samsung Mobile</description>
               <images>
                  <image>image15.jpeg</image>
                  <image>image16.jpeg</image>
                  <image>image17.jpeg</image>
               </images>
              
               <offer>
                  <offerPrice>5000.0</offerPrice>
                  <offerValidUntil>2016-06-29</offerValidUntil>
               </offer>
               <originalPrice>5000.0</originalPrice>
               
            </way2learn:product6>
     </way2learn:products>
