<?xml version="1.0" encoding="UTF-8"?>

<mule xmlns:ee="http://www.mulesoft.org/schema/mule/ee/core"
	xmlns="http://www.mulesoft.org/schema/mule/core" xmlns:doc="http://www.mulesoft.org/schema/mule/documentation"
	xmlns:xsi="http://www.w3.org/2001/XMLSchema-instance"
	xsi:schemaLocation="
http://www.mulesoft.org/schema/mule/ee/core http://www.mulesoft.org/schema/mule/ee/core/current/mule-ee.xsd http://www.mulesoft.org/schema/mule/core http://www.mulesoft.org/schema/mule/core/current/mule.xsd">
	
	
	<flow name="joiningdatasets" doc:id="020984d4-d0a2-41f7-b4ac-28b6d285067b" >
		<ee:transform doc:name="Transform Message" doc:id="6d7bdfaa-05f4-40fd-8fc4-2fbea13b93e6" >
			<ee:message >
				<ee:set-payload ><![CDATA[%dw 2.0
output application/dw

import * from dw::core::Objects

var citiesXml=readUrl("classpath://examples/cities.xml","application/xml")

var statesXml=readUrl("classpath://examples/states.xml","application/xml")
	


fun getStateByName(name)=
	statesXml.states.*state.@[?($.name == name)][0]
	
	
var joinedCities=citiesXml.cities.*city map {
	city: {
		cityName: $.city_name,
		state:  sortObjectByKeys(getStateByName($.state_name)) 
					-- ["dst","population"]
	}
}

fun sortObjectByKeys(obj)=
do {
	
	var state = getStateByName(obj.name)
var sortedKeys= pluck(state, (V,K,I) -> K) orderBy $
var keyValueArray= sortedKeys map {
								($):state[$]
						}
	---
	{
	(keyValueArray)
}
}
---
//sortObjectByKeys(getStateByName("California"))

joinedCities



]]></ee:set-payload>
			</ee:message>
		</ee:transform>
	</flow>
	
	
	
	
	</mule>
