<?xml version="1.0" encoding="UTF-8"?>

<mule xmlns:ee="http://www.mulesoft.org/schema/mule/ee/core" xmlns="http://www.mulesoft.org/schema/mule/core"
	xmlns:doc="http://www.mulesoft.org/schema/mule/documentation"
	xmlns:xsi="http://www.w3.org/2001/XMLSchema-instance" xsi:schemaLocation="http://www.mulesoft.org/schema/mule/core http://www.mulesoft.org/schema/mule/core/current/mule.xsd
http://www.mulesoft.org/schema/mule/ee/core http://www.mulesoft.org/schema/mule/ee/core/current/mule-ee.xsd">
	<flow name="usingmapFlow" doc:id="b2a47749-279a-468e-88ea-5fcda04efdc1" >
		<ee:transform doc:name="Transform Message" doc:id="d2a23db4-599b-4088-8dc1-7fb7d1352e75" >
			<ee:message >
				<ee:set-payload ><![CDATA[%dw 2.0
output application/dw

ns myns http://way2learnonline.com/domain

fun getImages(images)= {
		(images map {
			img: $
		}
		
		)
	}

var products= payload.products.*product map (item,index)-> {
	'product':{
		productId: item.@productId,
	name: item.name  ,
	brandName: item.brandName,
	originalPrice: item.originalPrice as Number,
	offerValidUntil: item.offer.offerValidUntil as Date,
	(images: getImages(item.images.*image)) if item.images?
	}
}

var sortedProducts = products orderBy -$.product.originalPrice

fun convertKeysToUpper(obj)=
if(typeOf(obj) == Object)
	obj mapObject (V,K,I) -> {
		(upper(K)) : convertKeysToUpper(V)
	}
else if(typeOf(obj) == Date)
  obj as String {format: "MMM-dd"}
else if(typeOf(obj)== Number)
 obj as Number {format:"#,###.00"}
else 
obj


fun convertUsingMatch(obj)=

obj match {
	case is Date -> obj as  String {format: "yy-MMM-dd"}
	case is String -> obj as String
	case is Number -> obj as  Number {format:"#,###.00"}
	case myobj is Object -> myobj mapObject (V,K,I) -> {
		(upper(K)) : convertUsingMatch(V)
	}
	else -> "Incorrect Data"
}


---


convertUsingMatch(products:{(products)})

]]></ee:set-payload>
			</ee:message>
		</ee:transform>
	</flow>
</mule>
