<?xml version='1.0' encoding='UTF-8'?>
<types:mule xmlns:types="http://www.mulesoft.org/schema/mule/types">
  <types:catalog>
    <types:type name="productsXml" format="xml">
      <types:example format="xml" element="{http://way2learnonline.com/domain}products" location="examples/products.xml"/>
    </types:type>
  </types:catalog>
  <types:enrichment select="#2629019f-ba7d-43bc-a1cd-03d2b3dee091">
    <types:processor-declaration>
      <types:input-event>
        <types:message>
          <types:payload type="productsXml"/>
        </types:message>
      </types:input-event>
    </types:processor-declaration>
  </types:enrichment>
</types:mule>