<?xml version="1.0" encoding="UTF-8"?>

<mule xmlns:http="http://www.mulesoft.org/schema/mule/http" xmlns:ee="http://www.mulesoft.org/schema/mule/ee/core"
	xmlns="http://www.mulesoft.org/schema/mule/core"
	xmlns:doc="http://www.mulesoft.org/schema/mule/documentation" xmlns:xsi="http://www.w3.org/2001/XMLSchema-instance" xsi:schemaLocation="http://www.mulesoft.org/schema/mule/core http://www.mulesoft.org/schema/mule/core/current/mule.xsd
http://www.mulesoft.org/schema/mule/ee/core http://www.mulesoft.org/schema/mule/ee/core/current/mule-ee.xsd
http://www.mulesoft.org/schema/mule/http http://www.mulesoft.org/schema/mule/http/current/mule-http.xsd">
	<http:listener-config name="HTTP_Listener_config" doc:name="HTTP Listener config" doc:id="37ebd74f-34bb-42e6-92fe-9770389838cc" >
		<http:listener-connection host="0.0.0.0" port="8081" />
	</http:listener-config>
	<flow name="usingtryfaillogFlow" doc:id="96711274-3077-47b8-b323-232f63713fa4" >
		<http:listener doc:name="Listener" doc:id="d6d1cd5f-e0db-4653-ba49-9e222cc804bf" config-ref="HTTP_Listener_config" path="/test"/>
		<ee:transform doc:name="Transform Message" doc:id="cc7674a9-8b48-4ae7-9e6a-8d4d6699c027" >
			<ee:message >
				<ee:set-payload ><![CDATA[%dw 2.0
output application/dw

import * from  dw::Runtime

fun getAllstatesFromFile(inputFileName:String)=
	do{
		var tryResult= try( ()-> readUrl("classpath://" ++ inputFileName,"application/xml"))
		
		---

	tryResult match {
		case myoutput if(myoutput.success ~= false) -> 
			log(" First Try Unsuccessful ",try(() -> readUrl("classpath://examples/" ++ inputFileName,"application/xml")))
			  match {
			  	case myresult if(myresult.success ~= false) -> 
			  		log("Second try uncessfull",fail("There is no file.First Error" ++ write(myoutput.error) ++ "Second Error "++ write(myresult.error))
			  			
			  		)
			  	else -> $.result
			  	} 
			
		else -> $.result
	}


	}
	

---

log("Hello" ,getAllstatesFromFile(attributes.queryParams.file as String))
//getAllstatesFromFile(attributes.queryParams.file as String)]]></ee:set-payload>
			</ee:message>
		</ee:transform>
		<error-handler >
			<on-error-continue enableNotifications="true" logException="true" doc:name="On Error Continue" doc:id="9d8991d3-9cd2-41e5-ba80-193d595a32ec" >
				<set-payload value='#["Inside on error continue " ++ payload]' doc:name="Set Payload" doc:id="306cbd36-ff17-41c8-a83a-be4e1bd949cb" />
			</on-error-continue>
		</error-handler>
	</flow>
</mule>
