<?xml version='1.0' encoding='UTF-8'?>
<types:mule xmlns:types="http://www.mulesoft.org/schema/mule/types">
  <types:catalog>
    <types:type name="productsxml" format="xml">
      <types:example format="xml" element="{http://way2learnonline.com/domain}products" location="examples/products.xml"/>
    </types:type>
  </types:catalog>
  <types:enrichment select="#d2a23db4-599b-4088-8dc1-7fb7d1352e75">
    <types:processor-declaration>
      <types:input-event>
        <types:message>
          <types:payload type="productsxml"/>
        </types:message>
      </types:input-event>
    </types:processor-declaration>
  </types:enrichment>
</types:mule>