<?xml version="1.0" encoding="UTF-8"?>

<mule xmlns:ee="http://www.mulesoft.org/schema/mule/ee/core" xmlns:http="http://www.mulesoft.org/schema/mule/http"
	xmlns="http://www.mulesoft.org/schema/mule/core"
	xmlns:doc="http://www.mulesoft.org/schema/mule/documentation" xmlns:xsi="http://www.w3.org/2001/XMLSchema-instance" xsi:schemaLocation="http://www.mulesoft.org/schema/mule/core http://www.mulesoft.org/schema/mule/core/current/mule.xsd
http://www.mulesoft.org/schema/mule/http http://www.mulesoft.org/schema/mule/http/current/mule-http.xsd
http://www.mulesoft.org/schema/mule/ee/core http://www.mulesoft.org/schema/mule/ee/core/current/mule-ee.xsd">
	<http:listener-config name="HTTP_Listener_config" doc:name="HTTP Listener config" doc:id="2e2b1d04-cb77-493f-ade5-2127e298e2cd" >
		<http:listener-connection host="0.0.0.0" port="8081" />
	</http:listener-config>
	<flow name="basicsFlow" doc:id="99273c62-7d45-45bb-899f-0a3231518edb" >
		<http:listener doc:name="Listener" doc:id="49ab31bb-00ee-4ec6-98d8-1b3ce24b1b28" config-ref="HTTP_Listener_config" path="/transform"/>
		<ee:transform doc:name="Transform Message" doc:id="9dbc50d7-5831-4549-82b2-f2c328d531fd" >
			<ee:message >
				<ee:set-payload resource="productxml.dwl" />
			</ee:message>
			<ee:variables >
				<ee:set-variable resource="pname.dwl" variableName="pname" />
				<ee:set-variable resource="dp.dwl" variableName="discount" />
			</ee:variables>
		</ee:transform>
		<logger level="INFO" doc:name="Logger" doc:id="15ba9c40-20c6-479b-bd95-db850d030884" message="#[payload]"/>
	</flow>
</mule>
