<?xml version="1.0" encoding="UTF-8"?>

<mule xmlns:ee="http://www.mulesoft.org/schema/mule/ee/core" xmlns="http://www.mulesoft.org/schema/mule/core"
	xmlns:doc="http://www.mulesoft.org/schema/mule/documentation"
	xmlns:xsi="http://www.w3.org/2001/XMLSchema-instance" xsi:schemaLocation="http://www.mulesoft.org/schema/mule/core http://www.mulesoft.org/schema/mule/core/current/mule.xsd
http://www.mulesoft.org/schema/mule/ee/core http://www.mulesoft.org/schema/mule/ee/core/current/mule-ee.xsd">
	<flow name="objectsarraysFlow" doc:id="b8989471-100a-4619-9f2c-5624f505c0bd" >
		<ee:transform doc:name="Transform Message" doc:id="d3471659-9dd4-4773-871f-76e8baa9a0f7" >
			<ee:message >
				<ee:set-payload ><![CDATA[%dw 2.0
output application/json

var numbers= ["one","two",3]

var object1={
	one: 1,	two:2
	}
var object2={
	two:2,
	three:3
}
---
{
	
}]]></ee:set-payload>
			</ee:message>
		</ee:transform>
	</flow>
</mule>
