<?xml version="1.0" encoding="UTF-8"?>

<mule xmlns:ee="http://www.mulesoft.org/schema/mule/ee/core" xmlns="http://www.mulesoft.org/schema/mule/core"
	xmlns:doc="http://www.mulesoft.org/schema/mule/documentation"
	xmlns:xsi="http://www.w3.org/2001/XMLSchema-instance" xsi:schemaLocation="http://www.mulesoft.org/schema/mule/core http://www.mulesoft.org/schema/mule/core/current/mule.xsd
http://www.mulesoft.org/schema/mule/ee/core http://www.mulesoft.org/schema/mule/ee/core/current/mule-ee.xsd">
	<flow name="objectsdemoFlow" doc:id="cfcb11af-39c1-4a04-8fcb-ad6f8cd4ce64" >
		<ee:transform doc:name="Transform Message" doc:id="92f6b94a-d4ae-4acb-8398-72630c669d75" >
			<ee:message >
				<ee:set-payload ><![CDATA[%dw 2.0
output application/dw

var numbers=["one","two",3 ]

var object1={
			one: 1, 
			two:2
			}
			
var object2={
		two:2,
		three:3
		}
var objArray=[
	object1:object1,
	object2: object2 
]

var countries=["india","uk","usa","pakistan","italy"]
var capitals=["delhi","london","washington","islamabad"]

---
//countries zip capitals
unzip(zip(countries,capitals))]]></ee:set-payload>
			</ee:message>
		</ee:transform>
	</flow>
</mule>
