<?xml version="1.0" encoding="UTF-8"?>

<mule xmlns:ee="http://www.mulesoft.org/schema/mule/ee/core" xmlns="http://www.mulesoft.org/schema/mule/core"
	xmlns:doc="http://www.mulesoft.org/schema/mule/documentation"
	xmlns:xsi="http://www.w3.org/2001/XMLSchema-instance" xsi:schemaLocation="http://www.mulesoft.org/schema/mule/core http://www.mulesoft.org/schema/mule/core/current/mule.xsd
http://www.mulesoft.org/schema/mule/ee/core http://www.mulesoft.org/schema/mule/ee/core/current/mule-ee.xsd">
	<flow name="usingselectorsFlow" doc:id="bf50932e-36ff-4468-89c6-445032212cfc" >
		<ee:transform doc:name="Transform Message" doc:id="5656bb03-9fc5-46c5-879f-31045e12b685" >
			<ee:message >
				<ee:set-payload ><![CDATA[%dw 2.0
output application/dw


var productsXml= readUrl("classpath://examples/products.xml","application/xml")
var products= productsXml.products.*product
var myns =productsXml.products.#

var obj={firstName:"Siva",lastName:"Prasad"}

---
products[?($.brandName=='HP')]]]></ee:set-payload>
			</ee:message>
		</ee:transform>
	</flow>
</mule>
