<?xml version="1.0" encoding="UTF-8"?>

<mule xmlns:ee="http://www.mulesoft.org/schema/mule/ee/core" xmlns:http="http://www.mulesoft.org/schema/mule/http"
	xmlns="http://www.mulesoft.org/schema/mule/core"
	xmlns:doc="http://www.mulesoft.org/schema/mule/documentation" xmlns:xsi="http://www.w3.org/2001/XMLSchema-instance" xsi:schemaLocation="http://www.mulesoft.org/schema/mule/core http://www.mulesoft.org/schema/mule/core/current/mule.xsd
http://www.mulesoft.org/schema/mule/http http://www.mulesoft.org/schema/mule/http/current/mule-http.xsd
http://www.mulesoft.org/schema/mule/ee/core http://www.mulesoft.org/schema/mule/ee/core/current/mule-ee.xsd">
	<http:listener-config name="HTTP_Listener_config" doc:name="HTTP Listener config" doc:id="a5b7f504-52bd-40e4-a7aa-c5704f086e46" >
		<http:listener-connection host="0.0.0.0" port="8081" />
	</http:listener-config>
	<flow name="transformerdemoFlow" doc:id="a3e69963-9714-40c6-8ff5-90ddf5833b28" >
		<http:listener doc:name="Listener" doc:id="eba52bc4-0446-4e77-8aa8-660f5e5a2aff" config-ref="HTTP_Listener_config" path="/transform"/>
		<ee:transform doc:name="Transform Message" doc:id="833e12fe-37a6-43ae-b84b-b19c7ad97c9e" >
			<ee:message >
				<ee:set-payload resource="productxml.dwl" />
			</ee:message>
			<ee:variables >
				<ee:set-variable resource="productname.dwl" variableName="productname" />
				<ee:set-variable resource="brand.dwl" variableName="brandName" />
			</ee:variables>
		</ee:transform>
		<logger level="INFO" doc:name="Logger" doc:id="820b4e23-df12-44f0-bb6d-47e4cb416792" message="#[payload]"/>
	</flow>
</mule>
