<?xml version="1.0" encoding="UTF-8"?>

<mule xmlns:ee="http://www.mulesoft.org/schema/mule/ee/core" xmlns="http://www.mulesoft.org/schema/mule/core"
	xmlns:doc="http://www.mulesoft.org/schema/mule/documentation"
	xmlns:xsi="http://www.w3.org/2001/XMLSchema-instance" xsi:schemaLocation="http://www.mulesoft.org/schema/mule/core http://www.mulesoft.org/schema/mule/core/current/mule.xsd
http://www.mulesoft.org/schema/mule/ee/core http://www.mulesoft.org/schema/mule/ee/core/current/mule-ee.xsd">
	<flow name="zipunzipflattenFlow" doc:id="8c78dcae-52ea-478c-b34f-51a8ee5c8a84" >
		<ee:transform doc:name="Transform Message" doc:id="eded48fd-4377-4b89-96a2-bbf30c14f3d1" >
			<ee:message >
				<ee:set-payload ><![CDATA[%dw 2.0
output application/json

var countries=["india","uk","usa","pakistan","italy"]
var capitals=["delhi","london","washington","islamabad"]
---
unzip(countries zip capitals)]]></ee:set-payload>
			</ee:message>
		</ee:transform>
	</flow>
</mule>
