<?xml version="1.0" encoding="UTF-8"?>

<mule xmlns:file="http://www.mulesoft.org/schema/mule/file" xmlns:ee="http://www.mulesoft.org/schema/mule/ee/core"
	xmlns="http://www.mulesoft.org/schema/mule/core"
	xmlns:doc="http://www.mulesoft.org/schema/mule/documentation" xmlns:xsi="http://www.w3.org/2001/XMLSchema-instance" xsi:schemaLocation="http://www.mulesoft.org/schema/mule/core http://www.mulesoft.org/schema/mule/core/current/mule.xsd
http://www.mulesoft.org/schema/mule/ee/core http://www.mulesoft.org/schema/mule/ee/core/current/mule-ee.xsd
http://www.mulesoft.org/schema/mule/file http://www.mulesoft.org/schema/mule/file/current/mule-file.xsd">
	
	
	<flow name="dw-basicsFlow4" doc:id="b3f32890-71c6-4d08-84e5-96bf64d08a51" >
		<ee:transform doc:name="Transform Message" doc:id="637d7156-da34-4f1c-af5e-c135ed6d15ff" >
			<ee:message >
				<ee:set-payload ><![CDATA[%dw 2.0
output application/json
---
{
        address1: payload.order.buyer.address,
        city: payload.order.buyer.city,
        country: payload.order.buyer.nationality,
        email: payload.order.buyer.email,
        name: payload.order.buyer.name,
        postalCode: payload.order.buyer.postCode,
        stateOrProvince: payload.order.buyer.state
}]]></ee:set-payload>
			</ee:message>
		</ee:transform>
	</flow>
	<flow name="dw-basicsFlow3" doc:id="a8665e60-e14d-4fd5-9be5-6a9fa63d03b9" >
	
		<file:listener doc:name="On New or Updated File" doc:id="069f16cc-4dc4-4dbe-bf00-69481250fd0f" 
						outputMimeType='application/csv; quote="\""; ignoreemptyline=true; streaming=true; separator=","'>
			<scheduling-strategy >
				<fixed-frequency frequency="10000"/>
			</scheduling-strategy>
		</file:listener>
		
		
	</flow>
	<flow name="dw-basicsFlow1" doc:id="85ba7032-e6a1-447e-ad59-82b32bbf6354" >
		<ee:transform doc:name="Transform Message" doc:id="7df46a1c-a17d-4347-9ddc-8f3caf7f2575" >
			<ee:message >
				<ee:set-payload ><![CDATA[%dw 2.0
output application/dw
---
payload.name]]></ee:set-payload>
			</ee:message>
		</ee:transform>
	</flow>
	<flow name="dw-basicsFlow" doc:id="cee7a9a2-8861-41bb-8af0-af906bb76d50" >
		<ee:transform doc:name="Transform Message" doc:id="3b908147-cc92-4aa2-8d1b-bd79dfd05fae" >
			<ee:message >
				<ee:set-payload ><![CDATA[%dw 2.0
output application/xml encoding="UTF-8"
import  getOfferPrice as gop from mydwlmodules::CustomFunctions

ns myns http://www.way2learnonline.com/mytypes

---
myns#product: {
	
	name: payload.name,
	originalPrice: payload.originalPrice,
	offerPrice: gop(payload.originalPrice,
					payload.offer.discountPercentage)
	
}]]></ee:set-payload>
			</ee:message>
		</ee:transform>
		<ee:transform doc:name="Transform Message" doc:id="11e9b457-6136-4e67-9e6f-b03e41d5ad5b" >
			<ee:message >
				<ee:set-payload ><![CDATA[%dw 2.0
output application/xml encoding="UTF-8"
var timeNow= now() as Date
//type MytimeFormat= String {format: "HH:mm"}
type MyDateFormat=  String {format:"MMM-dd"}
ns myns http://www.way2learnonline.com/mytypes
---
{
  myns#users:
  {
    user : "Siva" as CData,
    age : 31 as CData,
    today: now()  as MyDateFormat
   // localTime: now()   as MytimeFormat
  }
}]]></ee:set-payload>
			</ee:message>
		</ee:transform>
	</flow>
</mule>
