{"version":"1.2.0","artifactCoordinates":{"groupId":"com.mycompany","artifactId":"05-using-try-fail-log-start","version":"1.0.0-SNAPSHOT","type":"jar","classifier":"mule-application"},"dependencies":[{"artifactCoordinates":{"groupId":"org.mule.connectors","artifactId":"mule-http-connector","version":"1.5.11","type":"jar","classifier":"mule-plugin"},"uri":"file:/C:/Users/Sivaprasad/.m2/repository/org/mule/connectors/mule-http-connector/1.5.11/mule-http-connector-1.5.11-mule-plugin.jar"},{"artifactCoordinates":{"groupId":"org.mule.connectors","artifactId":"mule-sockets-connector","version":"1.1.5","type":"jar","classifier":"mule-plugin"},"uri":"file:/C:/Users/Sivaprasad/.m2/repository/org/mule/connectors/mule-sockets-connector/1.1.5/mule-sockets-connector-1.1.5-mule-plugin.jar"}]}