{
  "configs": [
    "usingtryfaillog.xml"
  ],
  "secureProperties": [],
  "redeploymentEnabled": true,
  "name": "com.mycompany:05-using-try-fail-log-start:1.0.0-SNAPSHOT",
  "minMuleVersion": "4.2.2",
  "requiredProduct": "MULE_EE",
  "classLoaderModelLoaderDescriptor": {
    "id": "mule",
    "attributes": {
      "exportedPackages": [],
      "exportedResources": [
        "examples/cities.xml",
        "examples/products.xml",
        "examples/states.xml",
        "log4j2.xml",
        "usingtryfaillog.xml"
      ]
    }
  },
  "bundleDescriptorLoader": {
    "id": "mule",
    "attributes": {}
  }
}