 <way2learn:products xmlns:way2learn="http://way2learnonline.com/domain">
            <product productId="1">
               <brandName>HP</brandName>
               <description>Hp Laptop</description>
               <images>
                  <image>image1.jpeg</image>
                  <image>image2.jpeg</image>
                  <image>image3.jpeg</image>
               </images>
               <name>Hp Pavilion laptop</name>
               <offer>
                  <offerPrice>1000.0</offerPrice>
                  <offerValidUntil>2016-06-29</offerValidUntil>
               </offer>
               <originalPrice>1000.0</originalPrice>
              
            </product>
             <product productId="2">
               <brandName>Apple</brandName>
               <description>Apple Laptop</description>
               <images>
                  <image>image3.jpeg</image>
                  <image>image4.jpeg</image>
                  <image>image5.jpeg</image>
               </images>
               <name>Macbook Pro laptop</name>
               <offer>
                  <offerPrice>30000.0</offerPrice>
                  <offerValidUntil>2016-06-29</offerValidUntil>
               </offer>
               <originalPrice>35000.0</originalPrice>
             
            </product>
            <product productId="3">
               <brandName>Apple</brandName>
               <description>Apple Laptop</description>
               <images>
                  <image>image6.jpeg</image>
                  <image>image7.jpeg</image>
                  <image>image8.jpeg</image>
               </images>
               <name>Mac Book  laptop</name>
               <offer>
                  <offerPrice>20000.0</offerPrice>
                  <offerValidUntil>2016-06-29</offerValidUntil>
               </offer>
               <originalPrice>30000.0</originalPrice>
             
            </product>
             <product productId="4">
               <brandName>IBM</brandName>
               <description>IBM Laptop</description>
               <images>
                  <image>image9.jpeg</image>
                  <image>image10.jpeg</image>
                  <image>image11.jpeg</image>
               </images>
               <name>IBM laptop</name>
               <offer>
                  <offerPrice>4000.0</offerPrice>
                  <offerValidUntil>2016-06-29</offerValidUntil>
               </offer>
               <originalPrice>4000.0</originalPrice>
              
            </product>
           <product productId="5">
               <brandName>Motorola</brandName>
               <description>Motorola Mobile</description>
               <images>
                  <image>image12.jpeg</image>
                  <image>image13.jpeg</image>
                  <image>image14.jpeg</image>
               </images>
               <name>MotoX Mobile</name>
               <offer>
                  <offerPrice>1000.0</offerPrice>
                  <offerValidUntil>2016-06-29</offerValidUntil>
               </offer>
               <originalPrice>1000.0</originalPrice>
               
            </product>
             <product productId="6">
               <brandName>Samsung</brandName>
               <description>Samsung Mobile</description>
               <images>
                  <image>image15.jpeg</image>
                  <image>image16.jpeg</image>
                  <image>image17.jpeg</image>
               </images>
               <name>Samsung Note 5</name>
               <offer>
                  <offerPrice>5000.0</offerPrice>
                  <offerValidUntil>2016-06-29</offerValidUntil>
               </offer>
               <originalPrice>5000.0</originalPrice>
               
            </product>
            
             <product productId="7">
               <brandName>Samsung</brandName>
               <description>Samsung Mobile</description>
               <images>
                  <image>image18.jpeg</image>
                  <image>image19.jpeg</image>
                  <image>image20.jpeg</image>
               </images>
               <name>Samsung Note1</name>
               <offer>
                  <offerPrice>5000.0</offerPrice>
                  <offerValidUntil>2016-06-29</offerValidUntil>
               </offer>
               <originalPrice>9000.0</originalPrice>
               
            </product>
            
             <product productId="8">
               <brandName>Samsung</brandName>
               <description>Samsung Mobile</description>
               <images>
                  <image>image21.jpeg</image>
                  <image>image22.jpeg</image>
                  <image>image22.jpeg</image>
               </images>
               <name>Samsung Note2</name>
               <offer>
                  <offerPrice>12000.0</offerPrice>
                  <offerValidUntil>2016-06-29</offerValidUntil>
               </offer>
               <originalPrice>15000.0</originalPrice>
               
            </product>
            
            <product productId="9">
               <brandName>Motorola</brandName>
               <description>Motorola Mobile</description>
               <images>
                  <image>image12.jpeg</image>
                  <image>image13.jpeg</image>
                  <image>image14.jpeg</image>
               </images>
               <name>MotoY Mobile</name>
               <offer>
                  <offerPrice>3000.0</offerPrice>
                  <offerValidUntil>2016-06-29</offerValidUntil>
               </offer>
               <originalPrice>18000.0</originalPrice>
               
            </product>
            
            <product productId="10">
               <brandName>Motorola</brandName>
               <description>Motorola Mobile</description>
               <images>
                  <image>image12.jpeg</image>
                  <image>image13.jpeg</image>
                  <image>image14.jpeg</image>
               </images>
               <name>MotoZ Mobile</name>
               <offer>
                  <offerPrice>7000.0</offerPrice>
                  <offerValidUntil>2016-06-29</offerValidUntil>
               </offer>
               <originalPrice>17000.0</originalPrice>
               
            </product>
            
            <product productId="11">
               <brandName>HP</brandName>
               <description>Hp Laptop</description>
               <images>
                  <image>image1.jpeg</image>
                  <image>image2.jpeg</image>
                  <image>image3.jpeg</image>
               </images>
               <name>Hp Pavilion laptop</name>
               <offer>
                  <offerPrice>11000.0</offerPrice>
                  <offerValidUntil>2016-06-29</offerValidUntil>
               </offer>
               <originalPrice>2000.0</originalPrice>
              
            </product>
            
            <product productId="12">
               <brandName>IBM</brandName>
               <description>IBM Laptop</description>
               <images>
                  <image>image9.jpeg</image>
                  <image>image10.jpeg</image>
                  <image>image11.jpeg</image>
               </images>
               <name>IBM laptop</name>
               <offer>
                  <offerPrice>24000.0</offerPrice>
                  <offerValidUntil>2016-06-29</offerValidUntil>
               </offer>
               <originalPrice>34000.0</originalPrice>
              
            </product>
     </way2learn:products>
