{
  "extensionModelLoaderDescriptor": {
    "id": "java",
    "attributes": {
      "type": "org.mule.extension.ws.internal.WebServiceConsumer",
      "version": "1.1.1"
    }
  },
  "name": "Web Service Consumer",
  "requiredProduct": "MULE",
  "classLoaderModelLoaderDescriptor": {
    "id": "mule",
    "attributes": {
      "privilegedExportedPackages": [],
      "privilegedArtifactIds": [],
      "exportedPackages": [
        "org.mule.extension.ws.api.security",
        "org.mule.extension.ws.api.message",
        "org.mule.extension.ws.api.security.config"
      ],
      "exportedResources": []
    }
  },
  "bundleDescriptorLoader": {
    "id": "mule",
    "attributes": {}
  },
  "minMuleVersion": "4.1.0"
}