<?xml version="1.0" encoding="UTF-8"?>

<mule xmlns:ee="http://www.mulesoft.org/schema/mule/ee/core"
	xmlns="http://www.mulesoft.org/schema/mule/core" xmlns:doc="http://www.mulesoft.org/schema/mule/documentation"
	xmlns:xsi="http://www.w3.org/2001/XMLSchema-instance"
	xsi:schemaLocation="
http://www.mulesoft.org/schema/mule/ee/core http://www.mulesoft.org/schema/mule/ee/core/current/mule-ee.xsd http://www.mulesoft.org/schema/mule/core http://www.mulesoft.org/schema/mule/core/current/mule.xsd">
	
	
	<flow name="joiningdatasets" doc:id="020984d4-d0a2-41f7-b4ac-28b6d285067b" >
		<ee:transform doc:name="Transform Message" doc:id="6d7bdfaa-05f4-40fd-8fc4-2fbea13b93e6" >
			<ee:message >
				<ee:set-payload ><![CDATA[%dw 2.0
output application/dw

import * from dw::core::Objects

var citiesXml=readUrl("classpath://examples/cities.xml","application/xml")

var statesXml=readUrl("classpath://examples/states.xml","application/xml")

fun getStateDetailsByName(name) = 
	statesXml.states.*state[?($.@name ~= name)].@[0] 



fun buildXmlObject(objArray: Array<Object>, parentTag: String)=
						(parentTag):{(objArray)	}
						
						
var california=getStateDetailsByName("California")

var sortedKeys= pluck(california,(V,K,I) ->K) orderBy $

var keyValueArray=sortedKeys map (currentElement,index)-> 
	(currentElement):california[currentElement] 

fun sortObjectByKeys(obj)=

	do{
		var sortedKeys= pluck(obj,(V,K,I) ->K) orderBy $
		
		var keyValueArray=sortedKeys map (currentElement,index)-> 
	(currentElement):california[currentElement] 
		---
		
		{
		(keyValueArray)	
		}
		
	}
var joinedcities= citiesXml.cities.*city map {
		city:{
			cityName: $.city_name,
			state: sortObjectByKeys(getStateDetailsByName($.state_name))
    	} 
    
	}	
var cities= citiesXml.cities.*city map (mycity) -> 
			city: {
				(mycity -"state_name"),
			state: sortObjectByKeys(
				getStateDetailsByName(mycity.state_name) --
				["dst","time-zone-1"]
			) 
			
			}  
			
			
	
	
	

---
cities

]]></ee:set-payload>
			</ee:message>
		</ee:transform>
	</flow>
	
	
	
	
	</mule>
