<?xml version="1.0" encoding="UTF-8"?>

<mule xmlns:http="http://www.mulesoft.org/schema/mule/http" xmlns:ee="http://www.mulesoft.org/schema/mule/ee/core"
	xmlns="http://www.mulesoft.org/schema/mule/core"
	xmlns:doc="http://www.mulesoft.org/schema/mule/documentation" xmlns:xsi="http://www.w3.org/2001/XMLSchema-instance" xsi:schemaLocation="http://www.mulesoft.org/schema/mule/core http://www.mulesoft.org/schema/mule/core/current/mule.xsd
http://www.mulesoft.org/schema/mule/ee/core http://www.mulesoft.org/schema/mule/ee/core/current/mule-ee.xsd
http://www.mulesoft.org/schema/mule/http http://www.mulesoft.org/schema/mule/http/current/mule-http.xsd">
	<http:listener-config name="HTTP_Listener_config" doc:name="HTTP Listener config" doc:id="638b616b-f3e0-4e1a-95ec-5dbe5c652f58" >
		<http:listener-connection host="0.0.0.0" port="8081" />
	</http:listener-config>
	<http:request-config name="HTTP_Request_configuration" doc:name="HTTP Request configuration" doc:id="9fa4fee9-4539-4a1b-ab4f-e7abc1ab877a" >
		<http:request-connection host="localhost" port="8080" />
	</http:request-config>
	<flow name="usinmapObject" doc:id="845ff9c0-a1fa-415e-9def-5afd26db0560" >
		<ee:transform doc:name="Transform Message" doc:id="5515e042-a028-422a-bb38-a2e211da3d7e" >
			<ee:message >
				<ee:set-payload ><![CDATA[%dw 2.0
output application/dw



fun getImages(images) = {
						 (  images map {
							    img: $
						     }						
						 )						
						}
		
fun convertKeysToUpperUsingif(obj)=
			if(typeOf(obj) ~= Object) 
               obj mapObject(value,key) -> {
               	 (upper(key)) : convertKeysToUpperUsingif(value)
               	
               	}
             else
              if(typeOf(obj) ~= Date)
               obj as Date as String {format:"dd,MMM,yyyy"}
               else
               if(typeOf(obj) ~= Number)
                obj as String {format:"#,###.00"} 
               else
               obj


fun convertKeysToUpperusingmatch(obj)=
               obj match {
               		case is String -> obj
               		case is Number -> obj as String {format:"#,###.00"} 
               		case is Date -> obj as Date as String {format:"dd,MMM,yyyy"}
                 	
                 	case myinput is Object -> myinput mapObject(value,key) -> {
               	 (upper(key)) : convertKeysToUpperusingmatch(value)
               	
               	}
                 	
                 	else -> "Incorrect Inputttt"
               }

             				
						
fun convertKeysToUpperusingmatchold(obj)=
               obj match {
               	case x if(x is String or x is Number or x is Date)  ->  obj
               	
               	else -> obj mapObject(value,key) -> {
               	 (upper(key)) : convertKeysToUpperusingmatchold(value)
               	
               	}
               }
               

var products= payload.products.*product map(product,productindex) -> {
	'product':{
		productId:product.@productId as Number,
		name: upper(product.name) ,
		brandName:product.brandName,
		originalPrice:product.originalPrice as Number,
		offerValidUntill: product.offer.offerValidUntil as Date,
		(images: getImages(product.images.*image) ) if product.images?
	}
}


var sortedProducts= products orderBy -$.product.originalPrice

var filteredProducts= products filter
		 $.product.brandName=="HP"
---

convertKeysToUpperusingmatch({products:{(products)}})

]]></ee:set-payload>
			</ee:message>
		</ee:transform>
	</flow>
	<flow name="usingmap" doc:id="0bf14023-76b6-44c9-96c4-fff1393eb41e" >
		<http:listener doc:name="Listener" doc:id="6dac9b2d-6be3-417f-a3d9-77cbeea7e282" config-ref="HTTP_Listener_config" path="/products"/>
		<ee:transform doc:name="Transform Message" doc:id="7e8026a1-f583-4a15-9281-3f18ba08d451" >
			<ee:message >
				<ee:set-payload ><![CDATA[%dw 2.0
output application/dw

fun getImages(images) = {
						 (  images map {
							    img: $
						     }						
						 )						
						}

var products= payload.products.*product map(product,productindex) -> {
	'product':{
		productId:product.@productId as Number,
		name:product.name,
		brandName:product.brandName,
		originalPrice:product.originalPrice as Number,
		offerValidUntill: product.offer.offerValidUntil as Date,
		(images: getImages(product.images.*image) ) if product.images?
	}
}


var sortedProducts= products orderBy -$.product.originalPrice  orderBy $.product.brandName

var filteredProducts= products filter
		not  $.product.brandName=='HP'
		
fun formatData(myinput:String , formatter) =formatter(myinput)
---

formatData("SivaPrasad",lower)
]]></ee:set-payload>
			</ee:message>
		</ee:transform>
	</flow>
	</mule>
